No.,Chinese Name,Japanese Name,English Name
1,除虫喷雾,むしよけスプレー,Repel,使用后，在较短的一段时间内，弱小的野生宝可梦将完全不会出现。
2,白银喷雾,シルバースプレー,Super Repel,弱小的野生宝可梦将完全不会出现。效果比除虫喷雾更持久。
3,黄金喷雾,ゴールドスプレー,Max Repel,弱小的野生宝可梦将完全不会出现。效果比白银喷雾更持久。
4,木箱,きのはこ,Normal Box,打开看看。
5,桐木箱,きりのはこ,Gorgeous Box,打开看看。
6,蓝色玻璃哨,あおいビードロ,Blue Flute,以蓝色玻璃制成的哨子。可以治愈睡眠状态。
7,黄色玻璃哨,きいろビードロ,Yellow Flute,以黄色玻璃制成的哨子。可以治愈混乱状态。
8,红色玻璃哨,あかいビードロ,Red Flute,以红色玻璃制成的哨子。可以治愈着迷状态。
9,黑色玻璃哨,くろいビードロ,Black Flute,以黑色玻璃制成的哨子。在使用的地方更容易遇到强大的宝可梦。
10,白色玻璃哨,しろいビードロ,White Flute,以白色玻璃制成的哨子。在使用的地方更容易遇到弱小的宝可梦。
11,速速肥,すくすくこやし,Growth Mulch,培育树果时的肥料。但完全不适合丰缘地区的土壤，所以没什么效果。
12,湿湿肥,じめじめこやし,Damp Mulch,-
13,久久肥,ながながこやし,Stable Mulch,-
14,粘粘肥,ねばねばこやし,Gooey Mulch,-
15,硕果肥,たわわこやし,Rich Mulch,-
16,吃惊肥,びっくりこやし,Surprise Mulch,-
17,劲劲肥,ぐんぐんこやし,Boost Mulch,-
18,超效肥,とんでもこやし,Amaze Mulch,-
19,朱红色花蜜,くれないのミツ,Red Nectar,朱红色花的花蜜。可以改变特定宝可梦的样子。
20,金黄色花蜜,やまぶきのミツ,Yellow Nectar,金黄色花的花蜜。可以改变特定宝可梦的样子。
21,桃粉色花蜜,うすもものミツ,Pink Nectar,桃粉色花的花蜜。可以改变特定宝可梦的样子。
22,兰紫色花蜜,むらさきのミツ,Purple Nectar,兰紫色花的花蜜。可以改变特定宝可梦的样子。
23,树叶信,"rowspan=""2""",このはのおてがみ,"rowspan=""2""| Leaf Letter"
24,小小花束,ちいさなはなたば,Small Bouquet,竭尽心力制作的素雅花束。里面满满都是对训练家的心意。
25,引虫香水,むしよせコロン,Lure,使用该香水后的一小段时间内，稀有宝可梦会更容易出现。
26,白银香水,シルバーコロン,Super Lure,使用该香水后，稀有宝可梦会更容易出现。效果比引虫香水更持久。
27,黄金香水,ゴールドコロン,Max Lure,使用该香水后，稀有宝可梦会更容易出现。效果比白银香水更持久。
28,许愿星碎片,ねがいのかけら,Wishing Chip,投掷数个到宝可梦的巢穴里，可能就会有极巨化宝可梦出现。
29,许愿星块,ねがいのかたまり,Wishing Pieces,投掷到宝可梦的巢穴里，就会有极巨化宝可梦出现。
30,楔石,かなめいし,Odd Keystone,没有它，石之塔就会崩塌的重要石头。有时能从石头里听到声音。
31,折价券,バーゲンチケット,Discount Coupon,在时装店买道具时，能以比平时更低的价格购买的券。
32,匿声喷雾,ひそやかスプレー,Stealth Spray,使用后的一小段时间内，自己的脚步声将会消失，变得不容易被野生宝可梦察觉。
33,晶晶蜜,きらきらミツ,Dazzling Honey,闪耀着琥珀色光泽的蜜。是虫宝可梦和妖精类宝可梦喜爱的食物，能吸引它们聚集到投向的地方。
34,旺旺谷,いきいきイナホ,Hearty Grains,美丽且生气勃勃的谷物。是陆地上的宝可梦喜爱的食物，能吸引它们聚集到投向的地方。
35,滚滚豆,ころころマメ,Plump Beans,结实饱满的大颗豆子。是鸟宝可梦和鱼宝可梦喜爱的食物，能吸引它们聚集到投向的地方。
36,糯糯菇,もちもちキノコ,Springy Mushroom,硕大而成熟的蘑菇。是怪兽类和龙类宝可梦喜爱的食物，能吸引它们聚集到投向的地方。
37,坚坚矿,ごりごりミネラル,Crunchy Salt,晶莹剔透的矿物。是草类和岩石类宝可梦喜爱的食物，能吸引它们聚集到投向的地方。
38,泥丸,どろだんご,Ball of Mud,硬邦邦的坚固泥丸。被它击中的宝可梦动作会变得迟缓，有时还会生出破绽。
39,蛀球果,むしくいぼんぐり,Spoiled Apricorn,果肉被吃掉了的球果。被它投中的宝可梦动作会变得迟缓，有时还会生出破绽。
40,雪丸,ゆきだま,Snowball,用雪压成的球状物体。用它投中宝可梦能使其动作变得迟缓，有时还会生出破绽。
41,黏丸,ねばりだま,Sticky Glob,黏糊糊的球状物体。用它投中宝可梦能使其动作变得迟缓，有时还会生出破绽。
42,声弹,ばりばりだま,Scatter Bang,丢向地面后会发出巨大的声响，将弱小的宝可梦赶走。
43,烟弹,めかくしだま,Smoke Bomb,丢向地面后，飞散的细粉会遮蔽周围的视野，让自己不会被宝可梦察觉。
44,蜜诱团,ミツよせだま,Honey Cake,由蜜与诱团原料糅合而成。对虫宝可梦和妖精类宝可梦有着很强的吸引力。
45,谷诱团,イナホよせだま,Grain Cake,由谷物与诱团原料糅合而成。对陆地上的宝可梦有着很强的吸引力。
46,豆诱团,マメよせだま,Bean Cake,由豆子与诱团原料糅合而成。对鸟宝可梦和鱼宝可梦有着很强的吸引力。
47,菇诱团,キノコよせだま,Mushroom Cake,由蘑菇与诱团原料糅合而成。对怪兽类和龙类宝可梦有着很强的吸引力。
48,矿诱团,ミネラルよせだま,Salt Cake,由矿物与诱团原料糅合而成。对草类和岩石类宝可梦有着很强的吸引力。
49,ＰＰ提升剂,ポイントアップ,PP Up,能让宝可梦学会的其中１个招式的ＰＰ最大值少量提高。
50,ＰＰ极限提升剂,ポイントマックス,PP Max,能将宝可梦学会的其中１个招式的ＰＰ最大值提至最高。
51,ＨＰ增强剂,マックスアップ,HP Up,宝可梦的营养饮料。能提高１只宝可梦的ＨＰ的基础点数。
52,攻击增强剂,タウリン,Protein,宝可梦的营养饮料。能提高１只宝可梦的攻击的基础点数。
53,防御增强剂,ブロムヘキシン,Iron,宝可梦的营养饮料。能提高１只宝可梦的防御的基础点数。
54,特攻增强剂,リゾチウム,Calcium,宝可梦的营养饮料。能提高１只宝可梦的特攻的基础点数。
55,特防增强剂,キトサン,Zinc,宝可梦的营养饮料。能提高１只宝可梦的特防的基础点数。
56,速度增强剂,インドメタシン,Carbos,宝可梦的营养饮料。能提高１只宝可梦的速度的基础点数。
57,体力之羽,たいりょくのハネ,Health Wing,用于宝可梦的道具。能稍微提高１只宝可梦的ＨＰ的基础点数。
58,肌力之羽,きんりょくのハネ,Muscle Wing,用于宝可梦的道具。能稍微提高１只宝可梦的攻击的基础点数。
59,抵抗之羽,ていこうのハネ,Resist Wing,用于宝可梦的道具。能稍微提高１只宝可梦的防御的基础点数。
60,智力之羽,ちりょくのハネ,Genius Wing,用于宝可梦的道具。能稍微提高１只宝可梦的特攻的基础点数。
61,精神之羽,せいしんのハネ,Clever Wing,用于宝可梦的道具。能稍微提高１只宝可梦的特防的基础点数。
62,瞬发之羽,しゅんぱつのハネ,Swift Wing,用于宝可梦的道具。能稍微提高１只宝可梦的速度的基础点数。
63,特性胶囊,とくせいカプセル,Ability Capsule,如果用于有着２种特性的宝可梦，就能令其现有特性变为另一种的胶囊。
64,特性膏药,とくせいパッチ,Ability Patch,可以改变宝可梦特性的膏药。给拥有常见特性的宝可梦使用后，其特性会转变为稀有特性。
65,怕寂寞薄荷,さみしがりミント,Lonely Mint,宝可梦闻了这种薄荷之后，攻击会易于提高，而防御则难以提高。
66,固执薄荷,いじっぱりミント,Adamant Mint,宝可梦闻了这种薄荷之后，攻击会易于提高，而特攻则难以提高。
67,顽皮薄荷,やんちゃミント,Naughty Mint,宝可梦闻了这种薄荷之后，会令攻击容易提高，而特防则难以提高。
68,勇敢薄荷,ゆうかんミント,Brave Mint,宝可梦闻了这种薄荷之后，会令攻击容易提高，而速度则难以提高。
69,大胆薄荷,ずぶといミント,Bold Mint,宝可梦闻了这种薄荷之后，会令防御容易提高，而攻击则难以提高。
70,淘气薄荷,わんぱくミント,Impish Mint,宝可梦闻了这种薄荷之后，会令防御容易提高，而特攻则难以提高。
71,乐天薄荷,のうてんきミント,Lax Mint,宝可梦闻了这种薄荷之后，会令防御容易提高，而特防则难以提高。
72,悠闲薄荷,のんきミント,Relaxed Mint,宝可梦闻了这种薄荷之后，会令防御容易提高，而速度则难以提高。
73,内敛薄荷,ひかえめミント,Modest Mint,宝可梦闻了这种薄荷之后，会令特攻容易提高，而攻击则难以提高。
74,慢吞吞薄荷,おっとりミント,Mild Mint,宝可梦闻了这种薄荷之后，会令特攻容易提高，而防御则难以提高。
75,马虎薄荷,うっかりやミント,Rash Mint,宝可梦闻了这种薄荷之后，会令特攻容易提高，而特防则难以提高。
76,冷静薄荷,れいせいミント,Quiet Mint,宝可梦闻了这种薄荷之后，会令特攻容易提高，而速度则难以提高。
77,温和薄荷,おだやかミント,Calm Mint,宝可梦闻了这种薄荷之后，会令特防容易提高，而攻击则难以提高。
78,温顺薄荷,おとなしいミント,Gentle Mint,宝可梦闻了这种薄荷之后，会令特防容易提高，而防御则难以提高。
79,慎重薄荷,しんちょうミント,Careful Mint,宝可梦闻了这种薄荷之后，会令特防容易提高，而特攻则难以提高。
80,自大薄荷,なまいきミント,Sassy Mint,宝可梦闻了这种薄荷之后，会令特防容易提高，而速度则难以提高。
81,胆小薄荷,おくびょうミント,Timid Mint,宝可梦闻了这种薄荷之后，会令速度容易提高，而攻击则难以提高。
82,急躁薄荷,せっかちミント,Hasty Mint,宝可梦闻了这种薄荷之后，会令速度容易提高，而防御则难以提高。
83,爽朗薄荷,ようきミント,Jolly Mint,宝可梦闻了这种薄荷之后，会令速度容易提高，而特攻则难以提高。
84,天真薄荷,むじゃきミント,Naive Mint,宝可梦闻了这种薄荷之后，会令速度容易提高，而特防则难以提高。
85,认真薄荷,まじめミント,Serious Mint,宝可梦闻了这种薄荷之后，攻击、防御、速度、特防、特攻能全方位提高。
86,奋斗沙,ガンバリのすな,Grit Dust,不可思议的沙子。能让宝可梦的奋斗等级提升。可用于奋斗等级０～２的宝可梦。
87,奋斗砾,ガンバリのじゃり,Grit Gravel,不可思议的沙砾。能让宝可梦的奋斗等级提升。可用于奋斗等级３～５的宝可梦。
88,奋斗石,ガンバリのいし,Grit Pebble,不可思议的石块。能让宝可梦的奋斗等级提升。可用于奋斗等级６～８的宝可梦。
89,奋斗岩,ガンバリのいわ,Grit Rock,不可思议的岩石。能让宝可梦的奋斗等级提升。可用于奋斗等级９的宝可梦。
90,体力粘糕,たいりょくのもち,Health Mochi,糅合树果的粘糕。能提高１只宝可梦的ＨＰ的基础点数。
91,肌力粘糕,きんりょくのもち,Muscle Mochi,糅合树果的粘糕。能提高１只宝可梦的攻击的基础点数。
92,抵抗粘糕,ていこうのもち,Resist Mochi,糅合树果的粘糕。能提高１只宝可梦的防御的基础点数。
93,智力粘糕,ちりょくのもち,Genius Mochi,糅合树果的粘糕。能提高１只宝可梦的特攻的基础点数。
94,精神粘糕,せいしんのもち,Clever Mochi,糅合树果的粘糕。能提高１只宝可梦的特防的基础点数。
95,瞬发粘糕,しゅんぱつのもち,Swift Mochi,糅合树果的粘糕。能提高１只宝可梦的速度的基础点数。
96,净空粘糕,まっさらもち,Fresh-Start Mochi,糅合树果的粘糕。能让宝可梦的基础点数全部消失。
97,火之石,ほのおのいし,Fire Stone,能让某些特定宝可梦进化的神奇石头。看上去是橙黄色的。
98,雷之石,かみなりのいし,Thunder Stone,能让某些特定宝可梦进化的神奇石头。有着闪电般的花纹。
99,水之石,みずのいし,Water Stone,能让某些特定宝可梦进化的神奇石头。看上去是澄蓝色的。
100,叶之石,リーフのいし,Leaf Stone,能让某些特定宝可梦进化的神奇石头。有着叶子般的花纹。
101,月之石,つきのいし,Moon Stone,能让某些特定宝可梦进化的神奇石头。像夜空一样乌黑。
102,日之石,たいようのいし,Sun Stone,能让某些特定宝可梦进化的神奇石头。像太阳一样赤红。
103,光之石,ひかりのいし,Shiny Stone,能让某些特定宝可梦进化的神奇石头。像光芒一样耀眼。
104,暗之石,やみのいし,Dusk Stone,能让某些特定宝可梦进化的神奇石头。像黑夜一般漆黑。
105,觉醒之石,めざめいし,Dawn Stone,能让某些特定宝可梦进化的神奇石头。像眼眸一般光彩动人。
106,冰之石,こおりのいし,Ice Stone,能让某些特定宝可梦进化的神奇石头。有着雪花般的花纹。
107,甜甜苹果,あまーいりんご,Sweet Apple,这种神奇的苹果可以使特定的宝可梦进化。吃起来非常甜美。
108,酸酸苹果,すっぱいりんご,Tart Apple,这种神奇的苹果可以使特定的宝可梦进化。吃起来酸酸的。
109,破裂的茶壶,われたポット,Cracked Pot,这个神奇的茶壶可以使特定的宝可梦进化。虽然有破损，但泡出来的茶依旧清香。
110,缺损的茶壶,かけたポット,Chipped Pot,这个神奇的茶壶可以使特定的宝可梦进化。虽然有缺陷，但泡出来的茶依旧清香。
111,伽勒豆蔻手环,ガラナツブレス,Galarica Cuff,用伽勒豆蔻枝编织的手环。给伽勒尔地区的呆呆兽戴上，它就会很开心。
112,伽勒豆蔻花圈,ガラナツリース,Galarica Wreath,用伽勒豆蔻枝编织的花冠。给伽勒尔地区的呆呆兽戴上，它就会很开心。
113,联系绳,つながりのヒモ,Linking Cord,蕴藏着不可思议能量的绳子，能从中感受到某种联系。某种宝可梦们很喜欢它。
114,黑奇石,くろのきせき,Black Augurite,破碎后会变得十分锋利，性质类似玻璃的黑石。某种宝可梦很喜欢它。
115,泥炭块,ピートブロック,Peat Block,质地像是泥土的煤炭块。干燥后也能当成燃料使用。某种宝可梦很喜欢它。
116,庆祝之铠,イワイノヨロイ,Auspicious Armor,能让某些特定宝可梦进化的神奇铠甲。蕴含着祝贺的感情。
117,咒术之铠,ノロイノヨロイ,Malicious Armor,能让某些特定宝可梦进化的神奇铠甲。蕴含着诅咒的感情。
118,蜜汁苹果,みついりりんご,Syrupy Apple,这种神奇的苹果可以使特定的宝可梦进化。富含蜜汁。
119,凡作茶碗,ボンサクのちゃわん,Unremarkable Teacup,这个神奇的茶碗可以使特定的宝可梦进化。虽然破裂了，但泡出来的茶会很香。
120,杰作茶碗,ケッサクのちゃわん,Masterpiece Teacup,这个神奇的茶碗可以使特定的宝可梦进化。虽然破缺了，但泡出来的茶会很香。
121,复合金属,ふくごうきんぞく,Metal Alloy,能让某些特定宝可梦进化的神奇金属。由多个层次叠加而成。
122,红色碎片,あかいかけら,Red Shard,红色的小碎片。好像是以前制作的某道具的一部分。
123,绿色碎片,みどりのかけら,Green Shard,绿色的小碎片。好像是以前制作的某道具的一部分。
124,蓝色碎片,あおいかけら,Blue Shard,蓝色的小碎片。好像是以前制作的某道具的一部分。
125,黄色碎片,きいろいかけら,Yellow Shard,黄色的小碎片。好像是以前制作的某道具的一部分。
126,浅滩海盐,あさせのしお,Shoal Salt,在浅滩洞穴这地方找到的海盐。
127,浅滩贝壳,あさせのかいがら,Shoal Shell,在浅滩洞穴这地方找到的贝壳。
128,心之鳞片,ハートのウロコ,Heart Scale,有着美丽心形外形且非常珍稀的鳞片。有些人收到会很高兴。
129,释出之玉,デルダマ,Pass Orb,在这块神奇的玉石里，封存着用于产生释出之力的合众之力。
130,圆庆票,フェスチケット,Festival Ticket,可以在圆庆广场开启游乐项目。
131,银色王冠,ぎんのおうかん,Bottle Cap,银色的美丽王冠。有些人收到它会很高兴。
132,金色王冠,きんのおうかん,Gold Bottle Cap,金色的美丽王冠。比银色王冠珍贵。有些人收到它会很高兴。
133,伽勒豆蔻枝,ガラナツのえだ,Galarica Twig,伽勒尔部分地区生长的伽勒豆蔻这种植物的枝条。可以用来制作某种宝可梦的饰品。
134,铠甲矿石,ヨロイこうせき,Armorite Ore,能够在铠岛找出的珍稀石头。把它送给铠岛的收藏家，就会有好事发生。
135,极矿石,マックスこうせき,Dynite Ore,能够在王冠雪原找出的珍稀石头。把它送给王冠雪原的收藏家，就会有好事发生。
136,谜之碎片Ｓ,なぞのかけらＳ,Mysterious Shard S,能够感受到神秘力量的小碎片。碎片上浮现出了像玫瑰花一样的花纹。
137,谜之碎片Ｌ,なぞのかけらＬ,Mysterious Shard L,能够感受到神秘力量的大碎片。碎片上浮现出了像玫瑰花一样的花纹。
138,精通种子,かいでんのタネ,Seed of Mastery,稀有的种子。将它交给警卫组组长，就能让宝可梦的招式在迅疾与刚猛之间切换。
139,红球果,あかぼんぐり,Red Apricorn,红色的球果。有种刺鼻的气味。
140,蓝球果,あおぼんぐり,Blue Apricorn,蓝色的球果。略有一股青草的香味。
141,黄球果,きぼんぐり,Yellow Apricorn,黄色的球果。有种清爽的香味。
142,绿球果,みどぼんぐり,Green Apricorn,绿色的球果。有种焦香的香味，非常神奇。
143,粉球果,ももぼんぐり,Pink Apricorn,粉红色的球果。有种甜甜的，好闻的香味。
144,白球果,しろぼんぐり,White Apricorn,白色的球果。没有任何气味。
145,黑球果,くろぼんぐり,Black Apricorn,黑色的球果。有种无法形容的气味。
146,一般太晶碎块,テラピースノーマル,Normal Tera Shard,打倒太晶宝可梦时，破碎掉的太晶宝石有极低概率会结晶成此物。
147,火太晶碎块,テラピースほのお,Fire Tera Shard,-
148,水太晶碎块,テラピースみず,Water Tera Shard,-
149,电太晶碎块,テラピースでんき,Electric Tera Shard,-
150,草太晶碎块,テラピースくさ,Grass Tera Shard,-
151,冰太晶碎块,テラピースこおり,Ice Tera Shard,-
152,格斗太晶碎块,テラピースかくとう,Fighting Tera Shard,-
153,毒太晶碎块,テラピースどく,Poison Tera Shard,-
154,地面太晶碎块,テラピースじめん,Ground Tera Shard,-
155,飞行太晶碎块,テラピースひこう,Flying Tera Shard,-
156,超能力太晶碎块,テラピースエスパー,Psychic Tera Shard,-
157,虫太晶碎块,テラピースむし,Bug Tera Shard,-
158,岩石太晶碎块,テラピースいわ,Rock Tera Shard,-
159,幽灵太晶碎块,テラピースゴースト,Ghost Tera Shard,-
160,龙太晶碎块,テラピースドラゴン,Dragon Tera Shard,-
161,恶太晶碎块,テラピースあく,Dark Tera Shard,-
162,钢太晶碎块,テラピースはがね,Steel Tera Shard,-
163,妖精太晶碎块,テラピースフェアリー,Fairy Tera Shard,-
164,星晶太晶碎块,テラピースステラ,Stellar Tera Shard,}
165,光粉,ひかりのこな,Bright Powder,闪闪发光的粉末。携带后，光芒会迷惑对手，从而使其招式变得不容易命中。
166,先制之爪,せんせいのツメ,Quick Claw,又轻又尖锐的爪子。携带后，有时能比对手先一步行动。
167,王者之证,おうじゃのしるし,King's Rock,携带后进行攻击，在造成伤害时，有时会让对手畏缩。
168,银粉,ぎんのこな,Silver Powder,散发着银色光辉的粉末。携带后，虫属性的招式威力就会提高。
169,护符金币,おまもりこばん,Amulet Coin,只要携带它的宝可梦在战斗时出场一次，就能获得２倍金钱。
170,洁净之符,きよめのおふだ,Cleanse Tag,让排在最前面的宝可梦携带后，野生宝可梦就会不容易出现。
171,烟雾球,けむりだま,Smoke Ball,携带它的宝可梦在和野生宝可梦的战斗中绝对可以逃走。
172,不变之石,かわらずのいし,Everstone,携带后，宝可梦在此期间不会进化的神奇石头。
173,气势头带,きあいのハチマキ,Focus Band,携带后，即便受到可能会导致濒死的招式，有时也能仅以１ＨＰ撑过去。
174,幸运蛋,しあわせタマゴ,Lucky Egg,满载着幸福的蛋。携带它的宝可梦获得的经验值会少量增加。
175,焦点镜,ピントレンズ,Scope Lens,能看见弱点的镜片。携带它的宝可梦的招式会变得容易击中要害。
176,金属膜,メタルコート,Metal Coat,特殊的金属膜。携带后，钢属性的招式威力就会提高。
177,吃剩的东西,たべのこし,Leftovers,携带后，宝可梦的ＨＰ会在战斗期间缓缓回复。
178,龙之鳞片,りゅうのウロコ,Dragon Scale,又硬又坚固的鳞片。龙属性宝可梦有时会携带它。
179,电气球,でんきだま,Light Ball,让皮卡丘携带后，攻击和特攻的威力就会提高的神奇之球。
180,柔软沙子,やわらかいすな,Soft Sand,手感细腻的沙子。携带后，地面属性的招式威力就会提高。
181,硬石头,かたいいし,Hard Stone,绝对不会裂开的石头。携带后，岩石属性的招式威力就会提高。
182,奇迹种子,きせきのタネ,Miracle Seed,孕育生命的种子。携带后，草属性的招式威力就会提高。
183,黑色眼镜,くろいメガネ,Black Glasses,看上去很奇怪的眼镜。携带后，恶属性的招式威力就会提高。
184,黑带,くろおび,Black Belt,能振作精神的带子。携带后，格斗属性的招式威力就会提高。
185,磁铁,じしゃく,Magnet,强力的磁铁。携带后，电属性的招式威力就会提高。
186,神秘水滴,しんぴのしずく,Mystic Water,水滴形状的宝石。携带后，水属性的招式威力就会提高。
187,锐利鸟嘴,するどいくちばし,Sharp Beak,又长又尖的鸟嘴。携带后，飞行属性的招式威力就会提高。
188,毒针,どくバリ,Poison Barb,有毒的小针。携带后，毒属性的招式威力就会提高。
189,不融冰,とけないこおり,Never-Melt Ice,能隔绝热量的冰。携带后，冰属性的招式威力就会提高。
190,诅咒之符,のろいのおふだ,Spell Tag,古怪可怕的咒符。携带后，幽灵属性的招式威力就会提高。
191,弯曲的汤匙,まがったスプーン,Twisted Spoon,注入了念力的汤匙。携带后，超能力属性的招式威力就会提高。
192,木炭,もくたん,Charcoal,焚烧用的燃料。携带后，火属性的招式威力就会提高。
193,龙之牙,りゅうのキバ,Dragon Fang,坚硬锐利的牙齿。携带后，龙属性的招式威力就会提高。
194,粉红色丝带,ピンクのリボン,Pink Bow,"rowspan=""2""| 携带后，{{type|一般}}的招式威力就会提高。"
195,水玉色之带,みずたまりボン,Polkadot Bow,-
196,丝绸围巾,シルクのスカーフ,Silk Scarf,手感不错的围巾。携带后，一般属性的招式威力就会提高。
197,破坏基因,はかいのいでんし,Berserk Gene,攻击的威力就会提高，但会造成混乱。
198,升级数据,アップグレード,Up-Grade,内部储存了各种信息的透明机器。西尔佛公司制造。
199,吉利拳,ラッキーパンチ,Lucky Punch,能带来幸运的拳套。让吉利蛋携带后，招式会变得容易击中要害。
200,金属粉,メタルパウダー,Metal Powder,让百变怪携带后，防御就会提高的神奇粉末。非常细腻坚硬。
201,速度粉,スピードパウダー,Quick Powder,让百变怪携带后，速度就会提高的神奇粉末。非常细腻坚硬。
202,粗骨头,ふといホネ,Thick Club,某种坚硬的骨头。让卡拉卡拉或嘎啦嘎啦携带后，攻击就会提高。
203,大葱,ながねぎ,Stick,非常长且坚硬的茎。让大葱鸭携带后，招式会变得容易击中要害。
204,果实,きのみ,Berry,携带后，可以回復自己１０点体力。
205,黄金的果实,おうごんのみ,Gold Berry,携带后，可以回復自己３０点体力。
206,消除麻痹的果实,まひなおしのみ,PRZCureBerry,携带后，可以治愈自己的麻痹状态。
207,解毒的果实,どくけしのみ,PSNCureBerry,携带后，可以治愈自己的中毒状态。
208,苦涩的果实,にがいきのみ,Bitter Berry,携带后，可以治愈自己的混乱状态。
209,烧烤的果实,やけたきのみ,Burnt Berry,携带后，可以治愈自己的冰冻状态。
210,冰冻的果实,こおったきのみ,Ice Berry,携带后，可以治愈自己的灼伤状态。
211,薄荷的果实,はっかのみ,Mint Berry,携带后，可以治愈自己的睡眠状态。
212,奇迹的果实,きせきのみ,MiracleBerry,携带后，可以治愈自己所有的异常状态。
213,神奇的果实,ふしぎなきのみ,MysteryBerry,携带后，可以在战斗中回复自己的ＰＰ。
214,白色香草,しろいハーブ,White Herb,当携带它的宝可梦能力降低时，仅能回到之前的状态１次。
215,心灵香草,メンタルハーブ,Mental Herb,当携带它的宝可梦无法自由使出招式时，仅会回复１次。
216,强力香草,パワフルハーブ,Power Herb,携带它的宝可梦仅有１次机会可以在第１回合使出需要蓄力的招式。
217,强制锻炼器,きょうせいギプス,Macho Brace,又硬又重的锻炼器。虽然携带后速度会降低，但会比平时更容易茁壮成长。
218,安抚之铃,やすらぎのすず,Soothe Bell,音色悦耳的铃铛。携带它的宝可梦会受到安抚，变得容易和训练家亲密。
219,讲究头带,こだわりハチマキ,Choice Band,有点讲究的头带。虽然携带后攻击会提高，但只能使出相同的招式。
220,讲究眼镜,こだわりメガネ,Choice Specs,有点讲究的眼镜。虽然携带后特攻会提高，但只能使出相同的招式。
221,讲究围巾,こだわりスカーフ,Choice Scarf,有点讲究的围巾。虽然携带后速度会提高，但只能使出相同的招式。
222,心之水滴,こころのしずく,Soul Dew,让拉帝欧斯或拉帝亚斯携带后，超能力和龙属性的招式威力就会提高的神奇珠子。
223,深海之牙,しんかいのキバ,Deep Sea Tooth,让珍珠贝携带后，特攻就会提高的牙齿。散发着闪亮的银光。
224,深海鳞片,しんかいのウロコ,Deep Sea Scale,让珍珠贝携带后，特防就会提高的鳞片。散发着淡淡的粉红色光芒。
225,贝壳之铃,かいがらのすず,Shell Bell,当携带它的宝可梦攻击对手并造成伤害时，能回复少量ＨＰ。
226,海潮薰香,うしおのおこう,Sea Incense,有着神奇香气的薰香。携带后，水属性的招式威力就会提高。
227,悠闲薰香,のんきのおこう,Lax Incense,携带后，薰香的神奇香气会迷惑对手，其招式会变得不容易命中。
228,奇异薰香,あやしいおこう,Odd Incense,有着神奇香气的薰香。携带后，超能力属性的招式威力就会提高。
229,岩石薰香,がんせきおこう,Rock Incense,有着神奇香气的薰香。携带后，岩石属性的招式威力就会提高。
230,饱腹薰香,まんぷくおこう,Full Incense,有着神奇香气的薰香。携带后，宝可梦的行动会比平时更加迟缓。
231,涟漪薰香,さざなみのおこう,Wave Incense,有着神奇香气的薰香。携带后，水属性的招式威力就会提高。
232,花朵薰香,おはなのおこう,Rose Incense,有着神奇香气的薰香。携带后，草属性的招式威力就会提高。
233,幸运薰香,こううんのおこう,Luck Incense,只要携带它的宝可梦在战斗时出场一次，就能获得２倍金钱。
234,洁净薰香,きよめのおこう,Pure Incense,让排在最前面的宝可梦携带后，野生宝可梦就会不容易出现。
235,红色头巾,あかいバンダナ,Red Scarf,携带它去参加华丽大赛的宝可梦会比平时看上去更加帅气。
236,蓝色头巾,あおいバンダナ,Blue Scarf,携带它去参加华丽大赛的宝可梦会比平时看上去更加美丽。
237,粉红头巾,ピンクのバンダナ,Pink Scarf,携带它去参加华丽大赛的宝可梦会比平时看上去更加可爱。
238,绿色头巾,みどりのバンダナ,Green Scarf,携带它去参加华丽大赛的宝可梦会比平时看上去更加聪明。
239,黄色头巾,きいろのバンダナ,Yellow Scarf,携带它去参加华丽大赛的宝可梦会比平时看上去更加强壮。
240,朱红色宝珠,べにいろのたま,Red Orb,散发着红色光辉的宝珠。据说和丰缘地区的传说渊源颇深。
241,靛蓝色宝珠,あいいろのたま,Blue Orb,散发着蓝色光辉的宝珠。据说和丰缘地区的传说渊源颇深。
242,火球石板,ひのたまプレート,Flame Plate,火属性的石板。携带后，火属性的招式威力就会增强。
243,水滴石板,しずくプレート,Splash Plate,水属性的石板。携带后，水属性的招式威力就会增强。
244,雷电石板,いかずちプレート,Zap Plate,电属性的石板。携带后，电属性的招式威力就会增强。
245,碧绿石板,みどりのプレート,Meadow Plate,草属性的石板。携带后，草属性的招式威力就会增强。
246,冰柱石板,つららのプレート,Icicle Plate,冰属性的石板。携带后，冰属性的招式威力就会增强。
247,拳头石板,こぶしのプレート,Fist Plate,格斗属性的石板。携带后，格斗属性的招式威力就会增强。
248,剧毒石板,もうどくプレート,Toxic Plate,毒属性的石板。携带后，毒属性的招式威力就会增强。
249,大地石板,だいちのプレート,Earth Plate,地面属性的石板。携带后，地面属性的招式威力就会增强。
250,蓝天石板,あおぞらプレート,Sky Plate,飞行属性的石板。携带后，飞行属性的招式威力就会增强。
251,神奇石板,ふしぎのプレート,Mind Plate,超能力属性的石板。携带后，超能力属性的招式威力就会增强。
252,玉虫石板,たまむしプレート,Insect Plate,虫属性的石板。携带后，虫属性的招式威力就会增强。
253,岩石石板,がんせきプレート,Stone Plate,岩石属性的石板。携带后，岩石属性的招式威力就会增强。
254,妖怪石板,もののけプレート,Spooky Plate,幽灵属性的石板。携带后，幽灵属性的招式威力就会增强。
255,龙之石板,りゅうのプレート,Draco Plate,龙属性的石板。携带后，龙属性的招式威力就会增强。
256,恶颜石板,こわもてプレート,Dread Plate,恶属性的石板。携带后，恶属性的招式威力就会增强。
257,钢铁石板,こうてつプレート,Iron Plate,钢属性的石板。携带后，钢属性的招式威力就会增强。
258,妖精石板,せいれいプレート,Pixie Plate,妖精属性的石板。携带后，妖精属性的招式威力就会增强。
259,浑圆之石,まんまるいし,Oval Stone,能让某些特定宝可梦进化的神奇石头。像珠子一般圆润。
260,金刚宝珠,こんごうだま,Adamant Orb,让帝牙卢卡携带的话，龙和钢属性的招式威力就会提高。散发着光辉的宝珠。
261,白玉宝珠,しらたま,Lustrous Orb,让帕路奇亚携带的话，龙和水属性的招式威力就会提高。散发着美丽光辉的宝珠。
262,白金宝珠,はっきんだま,Griseous Orb,让骑拉帝纳携带的话，龙和幽灵属性的招式威力就会提高。散发着光辉的宝珠。
263,护具,プロテクター,Protector,某种护具。非常坚硬而且沉重。某种宝可梦很喜欢它。
264,电力增幅器,エレキブースター,Electirizer,积蓄着庞大电气力量的箱子。某种宝可梦很喜欢它。
265,熔岩增幅器,マグマブースター,Magmarizer,积蓄着庞大熔岩能量的箱子。某种宝可梦很喜欢它。
266,可疑补丁,あやしいパッチ,Dubious Disc,内部储存了奇怪信息的透明机器。制造者不明。
267,灵界之布,れいかいのぬの,Reaper Cloth,蕴含着惊人强大灵力的布。某种宝可梦很喜欢它。
268,锐利之爪,するどいツメ,Razor Claw,尖锐的爪子。携带后，招式会变得容易击中要害。
269,锐利之牙,するどいキバ,Razor Fang,尖锐的牙齿。携带后，在给予伤害时，有时会让对手畏缩。
270,广角镜,こうかくレンズ,Wide Lens,能放大观看物体的镜片。携带后，招式的命中率就会少量提高。
271,力量头带,ちからのハチマキ,Muscle Band,力如泉涌的头带。携带后，物理招式的威力就会少量提高。
272,博识眼镜,ものしりメガネ,Wise Glasses,装着很厚镜片的眼镜。携带后，特殊招式的威力就会少量提高。
273,达人带,たつじんのおび,Expert Belt,用惯了的黑色带子。携带后，效果绝佳时的招式威力就会少量提高。
274,光之黏土,ひかりのねんど,Light Clay,当携带它的宝可梦使出光墙或反射壁时，效果会比平时持续得更长。
275,生命宝珠,いのちのたま,Life Orb,携带后，虽然每次攻击时ＨＰ少量减少，但招式的威力会提高。
276,剧毒宝珠,どくどくだま,Toxic Orb,触碰后会放出毒的神奇宝珠。携带后，在战斗时会变成剧毒状态。
277,火焰宝珠,かえんだま,Flame Orb,触碰后会放出热量的神奇宝珠。携带后，在战斗时会变成灼伤状态。
278,气势披带,きあいのタスキ,Focus Sash,携带后，在ＨＰ全满时，即便受到可能会导致濒死的招式，也能仅以１ＨＰ撑过去１次。
279,对焦镜,フォーカスレンズ,Zoom Lens,当携带它的宝可梦比对手行动迟缓时，招式会变得容易命中。
280,节拍器,メトロノーム,Metronome,携带后，连续使出相同招式时，威力就会提高。不再使出相同招式时，威力就会复原。
281,黑色铁球,くろいてっきゅう,Iron Ball,携带后，速度会降低。飞行属性以及飘浮宝可梦会被地面招式击中。
282,后攻之尾,こうこうのしっぽ,Lagging Tail,非常沉重的某种尾巴。携带后，行动会比平时更加迟缓。
283,红线,あかいいと,Destiny Knot,长长的鲜红色细线。携带后，在自己着迷时能让对手也着迷。
284,黑色污泥,くろいヘドロ,Black Sludge,携带后，毒属性的宝可梦会缓缓回复ＨＰ。其他属性的话，ＨＰ则会减少。
285,冰冷岩石,つめたいいわ,Icy Rock,携带它的宝可梦使出冰雹的话，冰雹的时间就会比平时更长。
286,沙沙岩石,さらさらいわ,Smooth Rock,携带它的宝可梦使出沙暴的话，沙暴的时间就会比平时更长。
287,炽热岩石,あついいわ,Heat Rock,携带它的宝可梦使出大晴天的话，晴天的时间就会比平时更长。
288,潮湿岩石,しめったいわ,Damp Rock,携带它的宝可梦使出求雨的话，下雨的时间就会比平时更长。
289,紧缠钩爪,ねばりのかぎづめ,Grip Claw,携带后，绑紧以及紧束等会持续造成伤害的招式的回合数会增加。
290,附着针,くっつきバリ,Sticky Barb,携带后，每回合都会受到伤害。有时也会附着到碰到自己的对手身上。
291,力量护腕,パワーリスト,Power Bracer,虽然携带后速度会降低，但宝可梦的攻击会比平时成长得更高。
292,力量腰带,パワーベルト,Power Belt,虽然携带后速度会降低，但宝可梦的防御会比平时成长得更高。
293,力量镜,パワーレンズ,Power Lens,虽然携带后速度会降低，但宝可梦的特攻会比平时成长得更高。
294,力量束带,パワーバンド,Power Band,虽然携带后速度会降低，但宝可梦的特防会比平时成长得更高。
295,力量护踝,パワーアンクル,Power Anklet,虽然携带后速度会降低，但宝可梦的速度会比平时成长得更高。
296,力量负重,パワーウエイト,Power Weight,虽然携带后速度会降低，但宝可梦的ＨＰ会比平时成长得更高。
297,美丽空壳,きれいなぬけがら,Shed Shell,结实坚硬的空壳。携带它的宝可梦必定可以和后备的宝可梦进行替换。
298,大根茎,おおきなねっこ,Big Root,携带后，吸取ＨＰ的招式可以比平时更多地回复自己的ＨＰ。
299,水流卡带,アクアカセット,Douse Drive,这是让盖诺赛克特携带的卡带。携带后，高科技光炮这招式就会变为水属性。
300,闪电卡带,イナズマカセット,Shock Drive,这是让盖诺赛克特携带的卡带。携带后，高科技光炮这招式就会变为电属性。
301,火焰卡带,ブレイズカセット,Burn Drive,这是让盖诺赛克特携带的卡带。携带后，高科技光炮这招式就会变为火属性。
302,冰冻卡带,フリーズカセット,Chill Drive,这是让盖诺赛克特携带的卡带。携带后，高科技光炮这招式就会变为冰属性。
303,美丽鳞片,きれいなウロコ,Prism Scale,能让某些特定宝可梦进化的神奇鳞片。散发着虹色光辉。
304,进化奇石,しんかのきせき,Eviolite,进化的神奇石块。携带后，还能进化的宝可梦的防御和特防就会提高。
305,轻石,かるいし,Float Stone,非常轻的石头。携带后，宝可梦的体重会变轻。
306,凸凸头盔,ゴツゴツメット,Rocky Helmet,让宝可梦携带后，在受到打击招式攻击时，能给予对手伤害。
307,气球,ふうせん,Air Balloon,让宝可梦携带后，宝可梦会浮在空中。受到攻击就会破裂。
308,红牌,レッドカード,Red Card,有着神奇力量的卡片。携带后，能让使用了招式的对手退场。
309,标靶,ねらいのまと,Ring Target,原本因宝可梦的属性相克关系而无效的招式现在会变得能够击中自己。
310,紧绑束带,しめつけバンド,Binding Band,能增强绑紧招式的束带。携带后，绑紧招式的威力会变强。
311,球根,きゅうこん,Absorb Bulb,一次性使用的球根。携带它的宝可梦如果受到水属性招式的攻击，特攻就会提高。
312,充电电池,じゅうでんち,Cell Battery,一次性使用的充电电池。携带它的宝可梦如果受到电属性招式的攻击，攻击就会提高。
313,逃脱按键,だっしゅつボタン,Eject Button,携带它的宝可梦如果受到招式攻击，就能逃脱战斗，并和同行的其他宝可梦进行替换。
314,火之宝石,ほのおのジュエル,Fire Gem,火属性的宝石。携带后，火属性的招式威力仅会增强１次。
315,水之宝石,みずのジュエル,Water Gem,水属性的宝石。携带后，水属性的招式威力仅会增强１次。
316,电之宝石,でんきのジュエル,Electric Gem,电属性的宝石。携带后，电属性的招式威力仅会增强１次。
317,草之宝石,くさのジュエル,Grass Gem,草属性的宝石。携带后，草属性的招式威力仅会增强１次。
318,冰之宝石,こおりのジュエル,Ice Gem,冰属性的宝石。携带后，冰属性的招式威力仅会增强１次。
319,格斗宝石,かくとうジュエル,Fighting Gem,格斗属性的宝石。携带后，格斗属性的招式威力仅会增强１次。
320,毒之宝石,どくのジュエル,Poison Gem,毒属性的宝石。携带后，毒属性的招式威力仅会增强１次。
321,地面宝石,じめんのジュエル,Ground Gem,地面属性的宝石。携带后，地面属性的招式威力仅会增强１次。
322,飞行宝石,ひこうのジュエル,Flying Gem,飞行属性的宝石。携带后，飞行属性的招式威力仅会增强１次。
323,超能力宝石,エスパージュエル,Psychic Gem,超能力属性的宝石。携带后，超能力属性的招式威力仅会增强１次。
324,虫之宝石,むしのジュエル,Bug Gem,虫属性的宝石。携带后，虫属性的招式威力仅会增强１次。
325,岩石宝石,いわのジュエル,Rock Gem,岩石属性的宝石。携带后，岩石属性的招式威力仅会增强１次。
326,幽灵宝石,ゴーストジュエル,Ghost Gem,幽灵属性的宝石。携带后，幽灵属性的招式威力仅会增强１次。
327,龙之宝石,ドラゴンジュエル,Dragon Gem,龙属性的宝石。携带后，龙属性的招式威力仅会增强１次。
328,恶之宝石,あくのジュエル,Dark Gem,恶属性的宝石。携带后，恶属性的招式威力仅会增强１次。
329,钢之宝石,はがねのジュエル,Steel Gem,钢属性的宝石。携带后，钢属性的招式威力仅会增强１次。
330,一般宝石,ノーマルジュエル,Normal Gem,一般属性的宝石。携带后，一般属性的招式威力仅会增强１次。
331,妖精宝石,ようせいジュエル,Fairy Gem,妖精属性的宝石。携带后，妖精属性的招式威力会仅增强１次。
332,弱点保险,じゃくてんほけん,Weakness Policy,被针对弱点时，攻击和特攻就会大幅提高。
333,打空保险,からぶりほけん,Blunder Policy,招式因命中率影响而落空时，速度会大幅提高。
334,突击背心,とつげきチョッキ,Assault Vest,会变得富有攻击性的背心。虽然携带后特防会提高，但会无法使出变化招式。
335,泡沫奶油,ホイップポップ,Whipped Dream,松松软软起着泡的，稍微有点甜的奶油。某种宝可梦很喜欢它。
336,香袋,においぶくろ,Sachet,装着散发微浓香气的香料的袋子。某种宝可梦很喜欢它。
337,光苔,ひかりごけ,Luminous Moss,一次性使用的光苔。携带它的宝可梦如果受到水属性招式攻击，特防就会提高。
338,雪球,ゆきだま,Snowball,一次性使用的雪球。携带它的宝可梦如果受到冰属性招式攻击，攻击就会提高。
339,防尘护目镜,ぼうじんゴーグル,Safety Goggles,不单是天气造成的伤害，就连粉末类招式的效果也能防御的护目镜。
340,妙蛙花进化石,フシギバナイト,Venusaurite,让妙蛙花携带后，在战斗时就能进行超级进化的一种神奇超级石。
341,喷火龙进化石Ｘ,リザードナイトX,Charizardite X,让喷火龙携带后，在战斗时就能进行超级进化的一种神奇超级石。
342,喷火龙进化石Ｙ,リザードナイトY,Charizardite Y,让喷火龙携带后，在战斗时就能进行超级进化的一种神奇超级石。
343,水箭龟进化石,カメックスナイト,Blastoisinite,让水箭龟携带后，在战斗时就能进行超级进化的一种神奇超级石。
344,大针蜂进化石,スピアナイト,Beedrillite,大针蜂携带后，在战斗时就能进行超级进化的一种神奇超级石。
345,大比鸟进化石,ピジョットナイト,Pidgeotite,让大比鸟携带后，在战斗时就能进行超级进化的一种神奇超级石。
346,胡地进化石,フーディナイト,Alakazite,让胡地携带后，在战斗时就能进行超级进化的一种神奇超级石。
347,呆壳兽进化石,ヤドランナイト,Slowbronite,让呆壳兽携带后，在战斗时就能进行超级进化的一种神奇超级石。
348,耿鬼进化石,ゲンガナイト,Gengarite,让耿鬼携带后，在战斗时就能进行超级进化的一种神奇超级石。
349,袋兽进化石,ガルーラナイト,Kangaskhanite,让袋兽携带后，在战斗时就能进行超级进化的一种神奇超级石。
350,凯罗斯进化石,カイロスナイト,Pinsirite,让凯罗斯携带后，在战斗时就能进行超级进化的一种神奇超级石。
351,暴鲤龙进化石,ギャラドスナイト,Gyaradosite,让暴鲤龙携带后，在战斗时就能进行超级进化的一种神奇超级石。
352,化石翼龙进化石,リプテラナイト,Aerodactylite,让化石翼龙携带后，在战斗时就能进行超级进化的一种神奇超级石。
353,超梦进化石Ｘ,ミュウツナイトX,Mewtwonite X,让超梦携带后，在战斗时就能进行超级进化的一种神奇超级石。
354,超梦进化石Ｙ,ミュウツナイトY,Mewtwonite Y,让超梦携带后，在战斗时就能进行超级进化的一种神奇超级石。
355,电龙进化石,デンリュウナイト,Ampharosite,让电龙带后，在战斗时就能进行超级进化的一种神奇超级石。
356,大钢蛇进化石,ハガネールナイト,Steelixite,让大钢蛇携带后，在战斗时就能进行超级进化的一种神奇超级石。
357,巨钳螳螂进化石,ハッサムナイト,Scizorite,让巨钳螳螂携带后，在战斗时就能进行超级进化的一种神奇超级石。
358,赫拉克罗斯进化石,ヘラクロスナイト,Heracronite,让赫拉克罗斯携带后，在战斗时就能进行超级进化的一种神奇超级石。
359,黑鲁加进化石,ヘルガナイト,Houndoominite,让黑鲁加携带后，在战斗时就能进行超级进化的一种神奇超级石。
360,班基拉斯进化石,バンギラスナイト,Tyranitarite,让班基拉斯携带后，在战斗时就能进行超级进化的一种神奇超级石。
361,蜥蜴王进化石,ジュカインナイト,Sceptilite,让蜥蜴王携带后，在战斗时就能进行超级进化的一种神奇超级石。
362,火焰鸡进化石,バシャーモナイト,Blazikenite,让火焰鸡携带后，在战斗时就能进行超级进化的一种神奇超级石。
363,巨沼怪进化石,ラグラージナイト,Swampertite,让巨沼怪携带后，在战斗时就能进行超级进化的一种神奇超级石。
364,沙奈朵进化石,サーナイトナイト,Gardevoirite,让沙奈朵携带后，在战斗时就能进行超级进化的一种神奇超级石。
365,勾魂眼进化石,ヤミラミナイト,Sablenite,让勾魂眼携带后，在战斗时就能进行超级进化的一种神奇超级石。
366,大嘴娃进化石,クチートナイト,Mawilite,让大嘴娃携带后，在战斗时就能进行超级进化的一种神奇超级石。
367,波士可多拉进化石,ボスゴドラナイト,Aggronite,让波士可多拉携带后，在战斗时就能进行超级进化的一种神奇超级石。
368,恰雷姆进化石,チャーレムナイト,Medichamite,让恰雷姆携带后，在战斗时就能进行超级进化的一种神奇超级石。
369,雷电兽进化石,ライボルトナイト,Manectite,让雷电兽携带后，在战斗时就能进行超级进化的一种神奇超级石。
370,巨牙鲨进化石,サメハダナイト,Sharpedonite,让巨牙鲨携带后，在战斗时就能进行超级进化的一种神奇超级石。
371,喷火驼进化石,バクーダナイト,Cameruptite,喷火驼携带后，在战斗时就能进行超级进化的一种神奇超级石。
372,七夕青鸟进化石,チルタリスナイト,Altarianite,让七夕青鸟携带后，在战斗时就能进行超级进化的一种神奇超级石。
373,诅咒娃娃进化石,ジュペッタナイト,Banettite,让诅咒娃娃携带后，在战斗时就能进行超级进化的一种神奇超级石。
374,阿勃梭鲁进化石,アブソルナイト,Absolite,让阿勃梭鲁携带后，在战斗时就能进行超级进化的一种神奇超级石。
375,冰鬼护进化石,オニゴーリナイト,Glalitite,让冰鬼护携带后，在战斗时就能进行超级进化的一种神奇超级石。
376,暴飞龙进化石,ボーマンダナイト,Salamencite,暴飞龙携带后，在战斗时就能进行超级进化的一种神奇超级石。
377,巨金怪进化石,メタグロスナイト,Metagrossite,让巨金怪携带后，在战斗时就能进行超级进化的一种神奇超级石。
378,拉帝亚斯进化石,ラティアスナイト,Latiasite,让拉帝亚斯携带后，在战斗时就能进行超级进化的一种神奇超级石。
379,拉帝欧斯进化石,ラティオスナイト,Latiosite,让拉帝欧斯携带后，在战斗时就能进行超级进化的一种神奇超级石。
380,长耳兔进化石,ミミロップナイト,Lopunnite,长耳兔携带后，在战斗时就能进行超级进化的一种神奇超级石。
381,路卡利欧进化石,ルカリオナイト,Lucarionite,让路卡利欧携带后，在战斗时就能进行超级进化的一种神奇超级石。
382,烈咬陆鲨进化石,ガブリアスナイト,Garchompite,让烈咬陆鲨携带后，在战斗时就能进行超级进化的一种神奇超级石。
383,暴雪王进化石,ユキノオナイト,Abomasite,让暴雪王携带后，在战斗时就能进行超级进化的一种神奇超级石。
384,艾路雷朵进化石,エルレイドナイト,Galladite,让艾路雷朵携带后，在战斗时就能进行超级进化的一种神奇超级石。
385,差不多娃娃进化石,タブンネナイト,Audinite,让差不多娃娃携带后，在战斗时就能进行超级进化的一种神奇超级石。
386,蒂安希进化石,ディアンシナイト,Diancite,让蒂安希携带后，在战斗时就能进行超级进化的一种神奇超级石。
387,胆怯球,ビビリだま,Adrenaline Orb,让宝可梦携带后，在受到威吓时速度会提高。
388,大地膜,グランドコート,Terrain Extender,当携带它的宝可梦利用招式或特性展开场地时，场地的持续时间会比平时更长。
389,部位护具,ぼうごパット,Protective Pads,不会受到触碰攻击对手时本应受到的效果。
390,电气种子,エレキシード,Electric Seed,让宝可梦携带后，在电气场地上使用，防御就会提高。
391,精神种子,サイコシード,Psychic Seed,让宝可梦携带后，在精神场地上使用，特防就会提高。
392,薄雾种子,ミストシード,Misty Seed,让宝可梦携带后，在薄雾场地上使用，特防就会提高。
393,青草种子,グラスシード,Grassy Seed,让宝可梦携带后，在青草场地上使用，防御就会提高。
394,战斗存储碟,ファイトメモリ,Fighting Memory,装有格斗属性数据的存储碟。特定宝可梦携带后，属性就会发生变化。
395,飞翔存储碟,フライングメモリ,Flying Memory,装有飞行属性数据的存储碟。特定宝可梦携带后，属性就会发生变化。
396,毒存储碟,ポイズンメモリ,Poison Memory,装有毒属性数据的存储碟。特定宝可梦携带后，属性就会发生变化。
397,大地存储碟,グラウンドメモリ,Ground Memory,装有地面属性数据的存储碟。特定宝可梦携带后，属性就会发生变化。
398,岩石存储碟,ロックメモリ,Rock Memory,装有岩石属性数据的存储碟。特定宝可梦携带后，属性就会发生变化。
399,虫子存储碟,バグメモリ,Bug Memory,装有虫属性数据的存储碟。特定宝可梦携带后，属性就会发生变化。
400,幽灵存储碟,ゴーストメモリ,Ghost Memory,装有幽灵属性数据的存储碟。特定宝可梦携带后，属性就会发生变化。
401,钢铁存储碟,スチールメモリ,Steel Memory,装有钢属性数据的存储碟。特定宝可梦携带后，属性就会发生变化。
402,火焰存储碟,ファイヤーメモリ,Fire Memory,装有火属性数据的存储碟。特定宝可梦携带后，属性就会发生变化。
403,清水存储碟,ウオーターメモリ,Water Memory,装有水属性数据的存储碟。特定宝可梦携带后，属性就会发生变化。
404,青草存储碟,グラスメモリ,Grass Memory,装有草属性数据的存储碟。特定宝可梦携带后，属性就会发生变化。
405,电子存储碟,エレクトロメモリ,Electric Memory,装有电属性数据的存储碟。特定宝可梦携带后，属性就会发生变化。
406,精神存储碟,サイキックメモリ,Psychic Memory,装有超能力属性数据的存储碟。特定宝可梦携带后，属性就会发生变化。
407,冰雪存储碟,アイスメモリ,Ice Memory,装有冰属性数据的存储碟。特定宝可梦携带后，属性就会发生变化。
408,龙存储碟,ドラゴンメモリ,Dragon Memory,装有龙属性数据的存储碟。特定宝可梦携带后，属性就会发生变化。
409,黑暗存储碟,ダークメモリ,Dark Memory,装有恶属性数据的存储碟。特定宝可梦携带后，属性就会发生变化。
410,妖精存储碟,フェアリーメモリ,Fairy Memory,装有妖精属性数据的存储碟。特定宝可梦携带后，属性就会发生变化。
411,腐朽的剑,くちたけん,Rusted Sword,据说很久以前，英雄就是拿着这把剑驱走了灾厄。而现在早已变得锈迹斑斑。
412,腐朽的盾,くちたたて,Rusted Shield,据说很久以前，英雄就是拿着这面盾驱走了灾厄。而现在早已变得锈迹斑斑。
413,草莓糖饰,いちごアメざいく,Strawberry Sweet,草莓形状的工艺糖果。让小仙奶携带的话，会高兴地转圈圈。
414,爱心糖饰,ハートアメざいく,Love Sweet,爱心形状的工艺糖果。让小仙奶携带的话，会高兴地转圈圈。
415,野莓糖饰,ベリーアメざいく,Berry Sweet,浆果形状的工艺糖果。让小仙奶携带的话，会高兴地转圈圈。
416,幸运草糖饰,よつばアメざいく,Clover Sweet,四叶草形状的工艺糖果。让小仙奶携带的话，会高兴地转圈圈。
417,花朵糖饰,おはなアメざいく,Flower Sweet,花朵形状的工艺糖果。让小仙奶携带的话，会高兴地转圈圈。
418,星星糖饰,スターアメざいく,Star Sweet,星星形状的工艺糖果。让小仙奶携带的话，会高兴地转圈圈。
419,蝴蝶结糖饰,リボンアメざいく,Ribbon Sweet,蝴蝶结形状的工艺糖果。让小仙奶携带的话，会高兴地转圈圈。
420,爽喉喷雾,のどスプレー,Throat Spray,使用声音相关的招式时，特攻会提高。
421,避难背包,だっしゅつパック,Eject Pack,当携带它的宝可梦能力下降时，同行宝可梦就会自动替换上场。
422,厚底靴,あつぞこブーツ,Heavy-Duty Boots,不受脚下陷阱等的影响。
423,客房服务,ルームサービス,Room Service,让宝可梦携带后，在戏法空间使用时，速度会下降。
424,万能伞,ばんのうがさ,Utility Umbrella,携带它的宝可梦将不受各种天气的影响。
425,大金刚宝玉,だいこんごうだま,Adamant Crystal,光辉灿烂的大珠子。对帝牙卢卡使用后，能使之力量高涨并改变形态。
426,大白宝玉,だいしらたま,Lustrous Globe,光辉灿烂的大珠子。对帕路奇亚使用后，能使之力量高涨并改变形态。
427,大白金宝玉,だいはっきんだま,Griseous Core,光辉灿烂的大珠子。对骑拉帝纳使用后，能使之力量高涨并改变形态。
428,驱劲能量,ブーストエナジー,Booster Energy,充满能量的胶囊。让有某种特性的宝可梦携带后，其能力会得到提升。
429,特性护具,とくせいガード,Ability Shield,可爱而有个性的盾。携带后，特性不会被对手改变。
430,清净坠饰,クリアチャーム,Clear Amulet,光芒晶莹剔透的坠饰。携带后，不会因为对手的招式或特性而被降低能力。
431,模仿香草,ものまねハーブ,Mirror Herb,携带它的宝可梦仅有１次机会可以在对手提高能力时，对其进行模仿并提高同样的能力。
432,拳击手套,パンチグローブ,Punching Glove,保护拳头的手套。携带后，拳击招式的威力会提高，且变得拳击时不会接触到对手。
433,密探斗篷,おんみつマント,Covert Cloak,能骗过敌人眼睛的带帽披风。携带后，能够隐藏身体，变得不会受到招式的追加效果影响。
434,机变骰子,いかさまダイス,Loaded Dice,只会出现好数字的骰子。携带后，在使用连续招式时，能使出较多次招式。
435,头领凭证,かしらのしるし,Leader’s Crest,像久经岁月的刃器一样的碎片。只有率领着驹刀小兵群体的劈斩司令能携带着。
436,妖精之羽,ようせいのハネ,Fairy Feather,接触到光后就会微微发光的羽毛。携带后，妖精属性的招式威力就会提高。
437,础石面具,いしずえのめん,Cornerstone Mask,用结晶装饰的木雕面具。让厄诡椪携带后，就会用岩石属性覆盖全身进行战斗。
438,水井面具,いどのめん,Wellspring Mask,用结晶装饰的木雕面具。让厄诡椪携带后，就会用水属性覆盖全身进行战斗。
439,火灶面具,かまどのめん,Hearthflame Mask,用结晶装饰的木雕面具。让厄诡椪携带后，就会用火属性覆盖全身进行战斗。
440,蓝天邮件,あおぞらメール,Bluesky Mail,印有蓝天的邮件。
441,伊布邮件,ブイブイメール,Eon Mail,印有伊布的邮件。
442,花案邮件,はながらメール,Flower Mail,印有花朵的邮件。
443,水色邮件,みずいろメール,Litebluemail,印有迷你龙的邮件。
444,可爱邮件,ラブリーメール,Lovely Mail,印有心的邮件。
445,梦幻邮件,まぼろしメール,Mirage Mail,印有梦幻的邮件。
446,变身邮件,へんしんメール,Morph Mail,印有百变怪的邮件。
447,肖像邮件,にがおえメール,Portraitmail,印有携带者肖像的邮件。
448,音符邮件,おんぷメール,Music Mail,印有天然雀的邮件。
449,冲浪邮件,なみのりメール,Surf Mail,印有拉普拉斯的邮件。
450,橙色邮件,オレンジメール,Orange Mail,印有蛇纹熊的信纸，可以讓宝可梦携带。
451,港口邮件,ハーバーメール,Harbor Mail,印有长翅鸥的信纸，可以讓宝可梦携带。
452,闪亮邮件,キラキラメール,Glitter Mail,印有皮卡丘的信纸，可以讓宝可梦携带。
453,机械邮件,メカニカルメール,Mech Mail,印有小磁怪的信纸，可以讓宝可梦携带。
454,木纹邮件,ウッディメール,Wood Mail,印有懒人獭的信纸，可以讓宝可梦携带。
455,波涛邮件,クロスメール,Wave Mail,印有吼吼鲸的信纸，可以讓宝可梦携带。
456,珠宝邮件,トレジャーメール,Bead Mail,一张能显示持有者的图像的信纸，可以讓宝可梦携带。
457,影子邮件,シャドーメール,Shadow Mail,印有夜巡灵的信纸，可以讓宝可梦携带。
458,热带邮件,トロピカルメール,Tropical Mail,印有美丽花的信纸，可以讓宝可梦携带。
459,梦境邮件,ドリームメール,Dream Mail,一张能显示持有者的图像的信纸，可以讓宝可梦携带。
460,奇迹邮件,ミラクルメール,Miracle Mail,一张华丽的信纸，可以讓宝可梦携带。
461,复古邮件,レトロメール,Retro Mail,印有三种宝可梦的信纸，可以讓宝可梦携带。
462,青草邮件,グラスメール,Grass Mail,印有新鲜绿草的特殊信纸。使用该道具时，需要让宝可梦携带着来用。
463,火焰邮件,フレイムメール,Flame Mail,印有红色火花的特殊信纸。使用该道具时，需要让宝可梦携带着来用。
464,水蓝邮件,ブルーメール,Bubble Mail,印有水下藍色世界的特殊信纸。使用该道具时，需要让宝可梦携带着来用。
465,绽放邮件,ブルームメール,Bloom Mail,印有漂亮的花卉图案的特殊信纸。使用该道具时，需要让宝可梦携带着来用。
466,隧道邮件,トンネルメール,Tunnel Mail,印有昏暗的煤矿的特殊信纸。使用该道具时，需要让宝可梦携带着来用。
467,钢铁邮件,スチールメール,Steel Mail,印有很酷的机械设计的特殊信纸。使用该道具时，需要让宝可梦携带着来用。
468,甜蜜邮件,ラブラブメール,Heart Mail,印有巨大的爱心的特殊信纸。使用该道具时，需要让宝可梦携带着来用。
469,暴雪邮件,ブリザードメール,Snow Mail,印有寒冷的冰雪覆盖的世界的特殊信纸。使用该道具时，需要让宝可梦携带着来用。
470,空间邮件,スペースメール,Space Mail,印有广袤无垠的空间的特殊信纸。使用该道具时，需要让宝可梦携带着来用。
471,天空邮件,エアメール,Air Mail,印有丰富多彩条纹的特殊信纸。使用该道具时，需要让宝可梦携带着来用。
472,彩嵌邮件,モザイクメール,Mosaic Mail,印有一个生动的彩虹图案的特殊信纸。使用该道具时，需要让宝可梦携带着来用。
473,砖块邮件,ブリックメール,Brick Mail,印有坚硬砖墙的特殊信纸。使用该道具时，需要让宝可梦携带着来用。
474,初次邮件,はじめてメール,Greet Mail,方便写初次见面这类寒暄语的信纸。使用该道具时，需要让宝可梦携带着来用。
475,喜爱邮件,だいすきメール,Favored Mail,方便写表达自己喜好这类邮件的信纸。使用该道具时，需要让宝可梦携带着来用。
476,邀请邮件,おさそいメール,RSVP Mail,方便写邀请对方这类邮件的信纸。使用该道具时，需要让宝可梦携带着来用。
477,感谢邮件,かんしゃメール,Thanks Mail,方便写表达感谢这类邮件的信纸。使用该道具时，需要让宝可梦携带着来用。
478,询问邮件,しつもんメール,Inquiry Mail,方便写询问对方这类邮件的信纸。使用该道具时，需要让宝可梦携带着来用。
479,推荐邮件,おすすめメール,Like Mail,方便写推荐内容这类邮件的信纸。使用该道具时，需要让宝可梦携带着来用。
480,回复邮件,おかえしメール,Reply Mail,方便写回复邮件的信纸。使用该道具时，需要让宝可梦携带着来用。
481,桥梁邮件Ｓ,ブリッジメールＳ,Bridge Mail S,印有通天桥图案的信纸。使用该道具时，需要让宝可梦携带着来用。
482,桥梁邮件Ｈ,ブリッジメールＨ,Bridge Mail D,印有鲜红色活动桥图案的信纸。使用该道具时，需要让宝可梦携带着来用。
483,桥梁邮件Ｃ,ブリッジメールＣ,Bridge Mail T,印有钢铁悬索桥图案的信纸。使用该道具时，需要让宝可梦携带着来用。
484,桥梁邮件Ｖ,ブリッジメールＶ,Bridge Mail V,印有砖桥图案的信纸。使用该道具时，需要让宝可梦携带着来用。
485,桥梁邮件Ｗ,ブリッジメールＷ,Bridge Mail M,印有拱桥图案的信纸。使用该道具时，需要让宝可梦携带着来用。
486,神奇糖果,ふしぎなアメ,Rare Candy,充满能量的糖果。将它交给宝可梦后，１只宝可梦的等级仅会提高１。
487,经验糖果ＸＳ,けいけんアメＸＳ,Exp. Candy XS,充满能量的糖果。交给１只宝可梦后，可以为它增加一点点经验值。
488,经验糖果Ｓ,けいけんアメＳ,Exp. Candy S,充满能量的糖果。交给１只宝可梦后，可以为它增加少许经验值。
489,经验糖果Ｍ,けいけんアメＭ,Exp. Candy M,充满能量的糖果。交给１只宝可梦后，可以为它增加经验值。
490,经验糖果Ｌ,けいけんアメＬ,Exp. Candy L,充满能量的糖果。交给１只宝可梦后，可以为它增加许多经验值。
491,经验糖果ＸＬ,けいけんアメＸＬ,Exp. Candy XL,充满能量的糖果。交给１只宝可梦后，可以为它增加大量经验值。
492,极巨糖果,ダイマックスアメ,Dynamax Candy,充满能量的糖果。给予宝可梦后，极巨化等级能够提高１。当极巨化等级提高时，ＨＰ会增加。
493,替身护符１,みがわりおまもり１,Tempting Charm R,不可思议的护符。在人昏倒时，不知为何会比其他道具更先消失。是５种颜色的护符中的一种。
494,替身护符２,みがわりおまもり２,Tempting Charm B,-
495,替身护符３,みがわりおまもり３,Tempting Charm P,-
496,替身护符４,みがわりおまもり４,Tempting Charm T,-
497,替身护符５,みがわりおまもり５,Tempting Charm Y,-
498,安全护符１,あんぜんおまもり１,Survival Charm R,不可思议的护符。有着让人不易昏倒的效果。是５种颜色的护符中的一种。
499,安全护符２,あんぜんおまもり２,Survival Charm B,-
500,安全护符３,あんぜんおまもり３,Survival Charm P,-
501,安全护符４,あんぜんおまもり４,Survival Charm T,-
502,安全护符５,あんぜんおまもり５,Survival Charm Y,-
503,健康护符１,けんこうおまもり１,Warding Charm R,不可思议的护符。有着避免陷入异常状态的效果。是５种颜色的护符中的一种。
504,健康护符２,けんこうおまもり２,Warding Charm B,-
505,健康护符３,けんこうおまもり３,Warding Charm P,-
506,健康护符４,けんこうおまもり４,Warding Charm T,-
507,健康护符５,けんこうおまもり５,Warding Charm Y,}
508,球果果,ぼんぐりのみ,Apricorn,外壳可当成胶囊状容器使用，是被用来制作各种精灵球的树果。正式名称是茶球果。
509,弹子萁,タマゼンマイ,Caster Fern,能作为投掷用道具的材料使用的蕨类植物。将卷成漩涡状的叶片展开后，就是一张天然的包装纸。
510,玉石,たまいし,Tumblestone,不可思议的圆形石头。与球果组合后，能够激发出精灵球的性能。
511,木材,もくざい,Wood,从生活用品到工艺品，能在制作各种物品时作为材料的好用木材。
512,皇叶,キングリーフ,King’s Leaf,闪耀着光辉的香草之王。与药物的材料配合，可以提高其回复效果。
513,除虫草,ムシヨケソウ,Bugwort,生长在洗翠地区各地的野草。虽然具有药效，但由于味苦，野生宝可梦不会去吃它。
514,碎铁,てつのかけら,Iron Chunk,天然的金属片。可加工成锁扣等零件，在制作各种精灵球时使用。
515,黑玉石,くろいろたまいし,Black Tumblestone,不可思议的黑色石头。与球果组合后，能够激发出沉重球的性能。
516,天蓝玉石,そらいろたまいし,Sky Tumblestone,不可思议的天蓝色石头。与球果组合后，能够激发出飞羽球的性能。
517,惊声藻,バリバリモ,Pop Pod,能作为声弹的材料使用的海藻。将它包起来减少空气逸出的路径，然后施加冲击，就会发出巨大的声响。
518,烟芋,ケムリイモ,Sootfoot Root,能作为烟弹的材料使用的芋头。磨碎后能用来入菜，干燥后则会变成轻盈细致的粉末。
519,疗草,クスリソウ,Medicinal Leek,能用来调制成药品。生长在洗翠地区各地，也被称为旅人良伴。
520,活力蕾,ゲンキノツボミ,Vivichoke,也被称为朝露之花苞。可作为给昏厥的宝可梦注入活力的道具材料。
521,ＰＰ草,ピーピーグサ,Pep-Up Plant,味道辛辣，有滋补强身的效果。能回复宝可梦的ＰＰ，以及作为能力强化道具的材料。
522,剑舞菇,ツルギマイタケ,Swordcap,食用后会让肌肉膨胀，发挥更强力量的菇类。可作为进攻药丸的材料。
523,铁壁木耳,テッペキクラゲ,Iron Barktongue,食用后会让身体变得坚硬，发挥更强耐力的菇类。可作为防守药丸的材料。
524,影分菇,カゲブンシメジ,Doppel Bonnets,食用后会让身体变得轻盈，使速度变得更快的菇类。可作为闪避强化的材料。
525,要害松露,キュウショウロ,Direshroom,食用后会让注意力更加集中，增加击中要害机率的菇类。可作为要害攻击的材料。
526,沙滩萝卜,スナハマダイコン,Sand Radish,原本生长在沙滩的根菜，经过改良后在冻土也能生长。根部味苦，腌渍后则会变得甜中带辣，可作为双倍腌菜的材料。
527,甜松露,スイートトリュフ,Candy Truffle,充满了不可思议能量的甘甜菇类。可作为各种道具的材料。
528,诱团原料,よせだまのもと,Cake-Lure Base,与宝可梦的食物混合后，香气会更加浓郁的口粮。
529,精灵球,"rowspan=""2""",モンスターボール,"rowspan=""2"" | Poké Ball"
530,超级球,"rowspan=""2""",スーパーボール,"rowspan=""2"" | Great Ball"
531,高级球,"rowspan=""2""",ハイパーボール,"rowspan=""2"" | Ultra Ball"
532,狩猎球,サファリボール,Safari Ball,曾在关都地区的狩猎地带以及神奥地区的大湿地被使用。是一种特殊的球。
533,大师球,マスターボール,Master Ball,必定能捉到野生宝可梦的，性能最好的球。
534,速度球,スピードボール,Fast Ball,有点与众不同的球。能很容易地捕捉逃跑速度很快的宝可梦。
535,等级球,レベルボール,Level Ball,有点与众不同的球。要捕捉的宝可梦比自己宝可梦的等级越低，就会越容易捕捉。
536,诱饵球,ルアーボール,Lure Ball,有点与众不同的球。能很容易地捕捉用钓竿钓上来的宝可梦。
537,甜蜜球,ラブラブボール,Love Ball,有点与众不同的球。能很容易地捕捉和自己宝可梦性别不同的宝可梦。
538,友友球,フレンドボール,Friend Ball,有点与众不同的球。捉到的野生宝可梦会立刻变得和训练家亲密起来。
539,月亮球,ムーンボール,Moon Ball,有点与众不同的球。能很容易地捕捉使用月之石进化的宝可梦。
540,沉重球,"rowspan=""2""",ヘビーボール,"rowspan=""2"" | Heavy Ball"
541,超重球,メガトンボール,Leaden Ball,强化后的沉重球。沉重而无法远投，但若能命中掉以轻心的宝可梦，就能发挥强大的捕获能力。
542,巨重球,ギガトンボール,Gigaton Ball,强化到最高阶的沉重球。沉重而无法远投，但若能命中掉以轻心的宝可梦，就能发挥强大的捕获能力。
543,竞赛球,コンペボール,Sport Ball,曽在城都地区的捕虫大赛上使用的特殊的球。
544,公园球,パークボール,Park Ball,在伙伴公园里使用的特殊的球。
545,捕网球,ネットボール,Net Ball,有点与众不同的球。能很容易地捕捉水属性和虫属性的宝可梦。
546,潜水球,ダイブボール,Dive Ball,有点与众不同的球。能很容易地捕捉生活在水世界里的宝可梦。
547,巢穴球,ネストボール,Nest Ball,有点与众不同的球。捕捉的野生宝可梦越弱，就会越容易捕捉。
548,重复球,リピートボール,Repeat Ball,有点与众不同的球。能很容易地捕捉以前曾捉到过的宝可梦。
549,计时球,タイマーボール,Timer Ball,有点与众不同的球。回合数花费得越多，宝可梦就会越容易捕捉。
550,豪华球,ゴージャスボール,Luxury Ball,住着十分惬意的球。捉到的野生宝可梦会变得容易和训练家亲密。
551,纪念球,プレミアボール,Premier Ball,有点珍贵的球。特制出来的某种纪念品。
552,黑暗球,ダークボール,Dusk Ball,有点与众不同的球。能很容易地在夜晚或洞窟等阴暗的地方捕捉宝可梦。
553,治愈球,ヒールボール,Heal Ball,有点温柔的球。能回复捉到的宝可梦的ＨＰ并治愈异常状态。
554,先机球,クイックボール,Quick Ball,有点与众不同的球。如果战斗开始后立刻使用，就能很容易地捉到宝可梦。
555,贵重球,プレシャスボール,Cherish Ball,相当珍贵的球。特制出来的某种纪念品。
556,梦境球,ドリームボール,Dream Ball,有点与众不同的球。能很容易地捕捉睡眠状态的宝可梦。
557,究极球,ウルトラボール,Beast Ball,为捕捉究极异兽而制作的特殊精灵球。很难捕捉究极异兽之外的宝可梦。
558,飞羽球,フェザーボール,Feather Ball,能直线高速飞行的球。在捕捉动作快速的宝可梦及飞在高空的宝可梦时十分有效。
559,飞翼球,ウイングボール,Wing Ball,强化后的飞羽球。能直线高速飞行，在捕捉动作快速的宝可梦及飞在高空的宝可梦时十分有效。
560,飞梭球,ジェットボール,Jet Ball,强化到最高阶的飞羽球。能直线高速飞行，在捕捉动作快速的宝可梦及飞在高空的宝可梦时十分有效。
561,奇异球,ストレンジボール,Strange Ball,ーーー
562,挖洞钻,あなほりドリル,Digger Drill,能够在墙上钻洞，以建造秘密基地的一次性钻头。
563,关都石板|gen=BDSP,カントーのせきばん,Kanto Slate,充满了神秘力量的石板。感觉它与玫瑰公园的关都之厅有着很深的关联。
564,城都石板|gen=BDSP,ジョウトのせきばん,Johto Slate,充满了神秘力量的石板。感觉它与玫瑰公园的城都之厅有着很深的关联。
565,心之石板|gen=BDSP,こころのせきばん,Soul Slate,充满了神秘力量的石板。感觉它与玫瑰公园的心之厅有着很深的关联。
566,彩虹石板|gen=BDSP,にじのせきばん,Rainbow Slate,充满了神秘力量的石板。感觉它与玫瑰公园的彩虹之厅有着很深的关联。
567,暴风石板|gen=BDSP,あらしのせきばん,Squall Slate,充满了神秘力量的石板。感觉它与玫瑰公园的暴风之厅有着很深的关联。
568,大海石板|gen=BDSP,たいかいのせきばん,Oceanic Slate,充满了神秘力量的石板。感觉它与玫瑰公园的大海之厅有着很深的关联。
569,大陆石板|gen=BDSP,たいりくのせきばん,Tectonic Slate,充满了神秘力量的石板。感觉它与玫瑰公园的大陆之厅有着很深的关联。
570,天空石板|gen=BDSP,てんくうのせきばん,Stratospheric Slate,充满了神秘力量的石板。感觉它与玫瑰公园的天空之厅有着很深的关联。
571,基因石板|gen=BDSP,いでんしのせきばん,Genome Slate,充满了神秘力量的石板。感觉它与玫瑰公园的基因之厅有着很深的关联。
572,引导石板|gen=BDSP,みちびきのせきばん,Discovery Slate,充满了神秘力量的石板。感觉它与玫瑰公园的引导之厅有着很深的关联。
573,毁坏石板|gen=BDSP,やぶれたせきばん,Distortion Slate,充满了神秘力量的石板。感觉它与玫瑰公园的毁坏之厅有着很深的关联。
574,小蘑菇,ちいさなキノコ,Tiny Mushroom,珍稀的小蘑菇。在一些爱好者中有着相当高的人气。
575,大蘑菇,おおきなキノコ,Big Mushroom,珍稀的大蘑菇。在一些爱好者中有着非常高的人气。
576,芳香蘑菇,かおるキノコ,Balm Mushroom,能让附近一带芳香四溢的珍稀蘑菇。可以在商店高价出售。
577,珍珠,しんじゅ,Pearl,散发着美丽银辉且有点小的珍珠。可以在商店低价出售。
578,大珍珠,おおきなしんじゅ,Big Pearl,散发着美丽银辉且相当大颗的珍珠。可以在商店高价出售。
579,丸子珍珠,おだんごしんじゅ,Pearl String,散发着美丽银辉且非常大颗的珍珠。可以在商店高价出售。
580,星星沙子,ほしのすな,Stardust,手感细腻且十分美丽的红色沙子。可以在商店低价出售。
581,星星碎片,ほしのかけら,Star Piece,闪着红光且十分美丽的宝石碎片。可以在商店高价出售。
582,彗星碎片,すいせいのかけら,Comet Shard,彗星临近时，掉落到地表上的碎片。可以在商店高价出售。
583,银色叶子,ぎんのはっぱ,Silver Leaf,神奇的银色叶子。至今仍未发现能长出这种叶子的树木 。
584,金色叶子,きんのはっぱ,Gold Leaf,神奇的金色叶子。至今仍未发现能长出这种叶子的树木。
585,金珠,きんのたま,Nugget,闪着金光，以纯金制成的珠子。可以在商店高价出售。
586,巨大金珠,でかいきんのたま,Big Nugget,以纯金制成，闪着金光的大珠子。可以在商店高价出售。
587,古代铜币,こだいのどうか,Relic Copper,约３０００年前的文明使用的铜币。
588,古代银币,こだいのぎんか,Relic Silver,约３０００年前的文明使用的银币。
589,古代金币,こだいのきんか,Relic Gold,约３０００年前的文明使用的金币。
590,古代之壶,こだいのツボ,Relic Vase,约３０００年前的文明制造的壶。
591,古代手镯,こだいのうでわ,Relic Band,约３０００年前的文明制造的手镯。
592,古代石像,こだいのせきぞう,Relic Statue,约３０００年前的文明制造的石像。
593,古代王冠,こだいのおうかん,Relic Crown,约３０００年前的文明制造的王冠。
594,小竹笋,ちいさなタケノコ,Tiny Bamboo Shoot,小小的珍贵竹笋。在部分美食家中拥有很高人气。
595,大竹笋,おおきなタケノコ,Big Bamboo Shoot,大大的珍贵竹笋。在部分美食家中拥有非常高人气。
596,砖瓦碎片,かわらのかけら,Brick Piece,破裂的砖瓦碎片。
597,贵重骨头,きちょうなホネ,Rare Bone,在宝可梦考古学上非常贵重的骨头。可以在商店高价出售。
598,甜甜蜜,あまいミツ,Honey,宝可梦采集的清甜芬芳的花蜜。可在商店里廉价出售。
599,美丽之羽,きれいなハネ,Pretty Wing,仅仅只是漂亮，没有任何效果，极其普通的羽毛。
600,神秘摆设,ふしぎなおきもの,Strange Souvenir,在阿罗拉地区，据说是模仿古时候被称为守护神的神奇宝可梦而制作的摆设。
601,松掉的弹簧,のびたバネ,Stretchy Spring,细小的弹簧。被拉得太长了，不知道能派上什么用。
602,粉笔石,チョークいし,Chalky Stone,路边捡到的白白的小石头。
603,弹珠,ビーだま,Marble,非常圆润的玻璃球。能在透明的球体中看见彩色玻璃的花纹。
604,一边的耳环,かたっぽピアス,Lone Earring,某人遗失的单只耳环。
605,海边的玻璃,うみべのガラス,Beach Glass,受到波浪的洗刷从而变成圆形的彩色玻璃片。表面摸起来有点粗糙不平。
606,光滑泥球,ピカピカだんご,Polished Mud Ball,用泥土制作的丸子。花了大把时间打磨，表面油光水滑。
607,南国贝壳,なんごくかいがら,Tropical Shell,美丽的白色贝壳。或许是从温暖的海域那里漂流到这里的。
608,宝可梦木娃娃,ポケモンこけし,Pokéshi Doll,宝可梦造型的木制玩具。可以在杂货店出售。
609,贝壳化石,かいのカセキ,Helix Fossil,很久以前栖息在海里的古代宝可梦的化石。好像是贝壳的一部分。
610,甲壳化石,こうらのカセキ,Dome Fossil,很久以前栖息在海里的古代宝可梦的化石。好像是甲壳的一部分。
611,秘密琥珀,ひみつのコハク,Old Amber,封存着古代宝可梦遗传基因的琥珀，透着点红色。
612,根状化石,ねっこのカセキ,Root Fossil,很久以前栖息在海里的古代宝可梦的化石。好像是根的一部分。
613,爪子化石,ツメのカセキ,Claw Fossil,很久以前栖息在海里的古代宝可梦的化石。好像是爪子的一部分。
614,头盖化石,ずがいのカセキ,Skull Fossil,很久以前生活在地上的古代宝可梦的化石。好像是头部的一部分。
615,盾甲化石,たてのカセキ,Armor Fossil,很久以前生活在地上的古代宝可梦的化石。好像是领饰的一部分。
616,背盖化石,ふたのカセキ,Cover Fossil,很久以前栖息在海里的古代宝可梦的化石。好像是后背的一部分。
617,羽毛化石,はねのカセキ,Plume Fossil,据说是鸟宝可梦的祖先，古代宝可梦的化石。好像是翅膀的一部分。
618,颚之化石,アゴのカセキ,Jaw Fossil,很久以前生活在地上的古代宝可梦的化石。好像是很大的颚的一部分。
619,鳍之化石,ヒレのカセキ,Sail Fossil,很久以前生活在地上的古代宝可梦的化石。好像是头鳍的一部分。
620,化石鸟,カセキのトリ,Fossilized Bird,远古时代的宝可梦化石残片。它曾翱翔于天空，本来面目至今仍是未解之谜。
621,化石鱼,カセキのサカナ,Fossilized Fish,远古时代的宝可梦化石残片。它曾栖息于大海，本来面目至今仍是未解之谜。
622,化石龙,カセキのリュウ,Fossilized Drake,远古时代的宝可梦化石残片。它曾栖息于陆地，本来面目至今仍是未解之谜。
623,化石海兽,カセキのクビナガ,Fossilized Dino,远古时代的宝可梦化石残片。它曾栖息于大海，本来面目至今仍是未解之谜。
624,能力防守,エフェクトガード,Guard Spec.,在战斗中，５回合内不让我方能力降低的道具。
625,要害攻击,クリティカット,"rowspan=""2""",Dire Hit
626,力量强化,プラスパワー,X Attack,大幅提高战斗中宝可梦攻击的道具。离场后，效果便会消失。
627,防御强化,ディフェンダー,X Defense,大幅提高战斗中宝可梦防御的道具。离场后，效果便会消失。
628,特攻强化,スペシャルアップ,X Sp. Atk,大幅提高战斗中宝可梦特攻的道具。离场后，效果便会消失。
629,特防强化,スペシャルガード,X Sp. Def,大幅提高战斗中宝可梦特防的道具。离场后，效果便会消失。
630,速度强化,スピーダー,X Speed,大幅提高战斗中宝可梦速度的道具。离场后，效果便会消失。
631,命中强化,ヨクアタール,X Accuracy,大幅提高战斗中宝可梦命中的道具。离场后，效果便会消失。
632,皮皮玩偶,ピッピにんぎょう,Poké Doll,能吸引宝可梦注意的道具。在和野生宝可梦的战斗中绝对可以逃走。
633,向尾喵的尾巴,エネコのシッポ,Fluffy Tail,能吸引宝可梦注意的道具。在和野生宝可梦的战斗中绝对可以逃走。
634,宝可尾草,ポケじゃらし,Poké Toy,能吸引宝可梦注意的道具。在和野生宝可梦的战斗中绝对可以逃走。
635,极巨菇菇,ダイキノコ,Max Mushrooms,拥有某种神奇力量的蘑菇，能改变宝可梦极巨化的样子。在战斗中，可以提高宝可梦所有的能力。
636,进攻药丸,せめのがんやく,Aux Power,大大提高战斗中宝可梦进攻力的道具。离场后，效果便会消失。
637,防守药丸,まもりのがんやく,Aux Guard,大大提高战斗中宝可梦防守力的道具。离场后，效果便会消失。
638,多重强化,マルチアップ,Aux Powerguard,大大提高战斗中宝可梦进攻力和防守力的道具。离场后，效果便会消失。
639,闪避强化,ヨクアタラーヌ,Aux Evasion,让宝可梦在战斗中变得较不易被对手招式命中的道具。离场后，效果便会消失。
640,讲究粽,こだわりちまき,Choice Dumpling,使用后会让宝可梦陷入热衷的粽子。所热衷的招式给予的伤害会增加，同时自己受到的伤害也会增加。
641,双倍腌菜,にばいづけ,Twice-Spiced Radish,可让宝可梦获得加倍效果的腌菜。使用后宝可梦的招式造成的伤害会暂时变成１.５倍。
642,颠倒烧,あべこべやき,Swap Snack,不可思议的食物。使用后可让宝可梦的进攻力和防守力暂时互换。
643,伤药,キズぐすり,Potion,喷雾式伤药。能让１只宝可梦回复２０ＨＰ。
644,好伤药,いいキズぐすり,Super Potion,喷雾式伤药。能让１只宝可梦回复６０ＨＰ。
645,厉害伤药,すごいキズぐすり,Hyper Potion,喷雾式伤药。能让１只宝可梦回复１２０ＨＰ。
646,全满药,まんたんのくすり,Max Potion,喷雾式伤药。能让１只宝可梦回复所有ＨＰ。
647,全复药,かいふくのくすり,Full Restore,能回复１只宝可梦的所有ＨＰ并治愈所有异常状态。
648,解毒药,どくけし,Antidote,喷雾式药水。能治愈１只宝可梦的中毒状态。
649,灼伤药,やけどなおし,Burn Heal,喷雾式药水。能治愈１只宝可梦的灼伤状态。
650,解冻药,こおりなおし,Ice Heal,喷雾式药水。能治愈１只宝可梦的冰冻状态。
651,解眠药,ねむけざまし,Awakening,喷雾式药水。能治愈１只宝可梦的睡眠状态。
652,解麻药,まひなおし,Paralyze Heal,喷雾式药水。能治愈１只宝可梦的麻痹状态。
653,万灵药,なんでもなおし,Full Heal,喷雾式药水。能治愈１只宝可梦的所有异常状态。
654,活力碎片,げんきのかけら,Revive,能让１只陷入濒死的宝可梦重获生机，并回复一半ＨＰ。
655,活力块,げんきのかたまり,Max Revive,能让１只陷入濒死的宝可梦重获生机，并回复所有ＨＰ。
656,美味之水,おいしいみず,Fresh Water,富含矿物质的水。能让１只宝可梦回复３０ＨＰ。
657,劲爽汽水,サイコソーダ,Soda Pop,翻腾着气泡的汽水。能让１只宝可梦回复５０ＨＰ。
658,果汁牛奶,ミックスオレ,Lemonade,非常香甜的牛奶。能让１只宝可梦回复７０ＨＰ。
659,哞哞鲜奶,モーモーミルク,Moomoo Milk,营养百分百的牛奶。能让１只宝可梦回复１００ＨＰ。
660,元气粉,ちからのこな,Energy Powder,非常苦的药粉。能让１只宝可梦回复６０ＨＰ。
661,元气根,ちからのねっこ,Energy Root,非常苦的根。能让１只宝可梦回复１２０ＨＰ。
662,万能粉,ばんのうごな,Heal Powder,非常苦的药粉。能治愈１只宝可梦的所有异常状态。
663,复活草,ふっかつそう,Revival Herb,非常苦的药草。能让１只濒死的宝可梦回复所有ＨＰ。
664,ＰＰ单项小补剂,ピーピーエイド,Ether,能让宝可梦学会的其中１个招式回复１０ＰＰ。
665,ＰＰ单项全补剂,ピーピーリカバー,Max Ether,能让宝可梦学会的其中１个招式回复所有ＰＰ。
666,ＰＰ多项小补剂,ピーピーエイダー,Elixir,能让宝可梦学会的４个招式各回复１０ＰＰ。
667,ＰＰ多项全补剂,ピーピーマックス,Max Elixir,能让宝可梦学会的４个招式回复所有ＰＰ。
668,愤怒馒头,いかりまんじゅう,Rage Candy Bar,卡吉镇特产的馒头。能治愈１只宝可梦的所有异常状态。
669,釜炎仙贝,フエンせんべい,Lava Cookie,釜炎特产的仙贝。能治愈１只宝可梦的所有异常状态。
670,森之羊羹,もりのヨウカン,Old Gateau,百代不为人知的特产。能治愈１只宝可梦的所有异常状态。
671,飞云冰淇淋,ヒウンアイス,Casteliacone,飞云市特产的冰淇淋。能治愈１只宝可梦的所有异常状态。
672,密阿雷格雷派饼,ミアレガレット,Lumiose Galette,在密阿雷市很受欢迎的点心。能治愈１只宝可梦的所有异常状态。
673,娑罗沙布蕾,シャラサブレ,Shalour Sable,娑罗市特产的沙布蕾。能治愈１只宝可梦的所有异常状态。
674,大马拉萨达,おおきいマラサダ,Big Malasada,阿罗拉特产的油炸面包。能治愈１只宝可梦的所有异常状态。
675,深灰米果,ニビあられ,Pewter Crunchies,深灰特产的糕点。能治愈１只宝可梦的所有异常状态。
676,祝庆玛芬,コトブキマフィン,Jubilife Muffin,祝庆村不为人知的特产，是宝可梦喜爱的食物，如今正渐渐流行起来。吃下后能治愈异常状态。
677,树果汁,きのみジュース,Berry Juice,１００％树果果汁。能让１只宝可梦回复２０ＨＰ。
678,心形甜点,ハートスイーツ,Sweet Heart,非常甜腻的巧克力。能让１只宝可梦回复２０ＨＰ。
679,圣灰,せいなるはい,Sacred Ash,能让陷入濒死的全部宝可梦回复所有ＨＰ。
680,极巨甜蜜,ダイミツ,Max Honey,极巨化的蜂女王制造出的蜜汁。放进极巨汤里，就能让汤的味道变得很温和。与活力块具有相同的效果。
681,中药,カンポーやく,Remedy,效果和伤药一样，能让１只宝可梦回复６０ＨＰ，但味道很苦，友好度会降低。
682,好中药,いいカンポーやく,Fine Remedy,效果和好伤药一样，能让１只宝可梦回复１００ＨＰ，但味道很苦，友好度会降低。
683,厉害中药,すごいカンポーやく,Superb Remedy,效果和厉害伤药一样，能让１只宝可梦回复１５０ＨＰ，但味道很苦，友好度会降低。
684,一般Ｚ,ノーマルＺ,Normalium Z,可用它来制造用于对战并能将一般属性招式升级成Ｚ招式的Ｚ力量结晶。
685,火Ｚ,ホノオＺ,Firium Z,可用它来制造用于对战并能将火属性招式升级成Ｚ招式的Ｚ力量结晶。
686,水Ｚ,ミズＺ,Waterium Z,可用它来制造用于对战并能将水属性招式升级成Ｚ招式的Ｚ力量结晶。
687,电Ｚ,デンキＺ,Electrium Z,可用它来制造用于对战并能将电属性招式升级成Ｚ招式的Ｚ力量结晶。
688,草Ｚ,クサＺ,Grassium Z,可用它来制造用于对战并能将草属性招式升级成Ｚ招式的Ｚ力量结晶。
689,冰Ｚ,コオリＺ,Icium Z,可用它来制造用于对战并能将冰属性招式升级成Ｚ招式的Ｚ力量结晶。
690,格斗Ｚ,カクトウＺ,Fightinium Z,可用它来制造用于对战并能将格斗属性招式升级成Ｚ招式的Ｚ力量结晶。
691,毒Ｚ,ドクＺ,Poisonium Z,可用它来制造用于对战并能将毒属性招式升级成Ｚ招式的Ｚ力量结晶。
692,地面Ｚ,ジメンＺ,Groundium Z,可用它来制造用于对战并能将地面属性招式升级成Ｚ招式的Ｚ力量结晶。
693,飞行Ｚ,ヒコウＺ,Flyinium Z,可用它来制造用于对战并能将飞行属性招式升级成Ｚ招式的Ｚ力量结晶。
694,超能力Ｚ,エスパーＺ,Psychium Z,可用它来制造用于对战并能将超能力属性招式升级成Ｚ招式的Ｚ力量结晶。
695,虫Ｚ,ムシＺ,Buginium Z,可用它来制造用于对战并能将虫属性招式升级成Ｚ招式的Ｚ力量结晶。
696,岩石Ｚ,イワＺ,Rockium Z,可用它来制造用于对战并能将岩石属性招式升级成Ｚ招式的Ｚ力量结晶。
697,幽灵Ｚ,ゴーストＺ,Ghostium Z,可用它来制造用于对战并能将幽灵属性招式升级成Ｚ招式的Ｚ力量结晶。
698,龙Ｚ,ドラゴンＺ,Dragonium Z,可用它来制造用于对战并能将龙属性招式升级成Ｚ招式的Ｚ力量结晶。
699,恶Ｚ,アクＺ,Darkinium Z,可用它来制造用于对战并能将恶属性招式升级成Ｚ招式的Ｚ力量结晶。
700,钢Ｚ,ハガネＺ,Steelium Z,可用它来制造用于对战并能将钢属性招式升级成Ｚ招式的Ｚ力量结晶。
701,妖精Ｚ,フェアリーＺ,Fairium Z,可用它来制造用于对战并能将妖精属性招式升级成Ｚ招式的Ｚ力量结晶。
702,皮卡丘Ｚ,ピカチュウＺ,Pikanium Z,可用它来制造用于对战并能将皮卡丘的伏特攻击升级成特殊Ｚ招式的Ｚ力量结晶。
703,狙射树枭Ｚ,ジュナイパーＺ,Decidium Z,可用它来制造用于对战并能将狙射树枭的缝影升级成特殊Ｚ招式的Ｚ力量结晶。
704,炽焰咆哮虎Ｚ,ガオガエンＺ,Incinium Z,可用它来制造用于对战并能将炽焰咆哮虎的ＤＤ金勾臂升级成特殊Ｚ招式的Ｚ力量结晶。
705,西狮海壬Ｚ,アシレーヌＺ,Primarium Z,可用它来制造用于对战并能将西狮海壬的泡影的咏叹调升级成特殊Ｚ招式的Ｚ力量结晶。
706,卡璞Ｚ,カプＺ,Tapunium Z,可用它来制造用于对战并能将卡璞们的自然之怒升级成特殊Ｚ招式的Ｚ力量结晶。
707,玛夏多Ｚ,マーシャドーＺ,Marshadium Z,可用它来制造用于对战并能将玛夏多的暗影偷盗升级成特殊Ｚ招式的Ｚ力量结晶。
708,阿罗雷Ｚ,アロライＺ,Aloraichium Z,可用它来制造用于对战并能将阿罗拉地区雷丘的十万伏特升级成特殊Ｚ招式的Ｚ力量结晶。
709,卡比兽Ｚ,カビゴンＺ,Snorlium Z,可用它来制造用于对战并能将卡比兽的终极冲击升级成特殊Ｚ招式的Ｚ力量结晶。
710,伊布Ｚ,イーブイＺ,Eevium Z,可用它来制造用于对战并能将伊布的珍藏升级成特殊Ｚ招式的Ｚ力量结晶。
711,梦幻Ｚ,ミュウＺ,Mewnium Z,可用它来制造用于对战并能将梦幻的精神强念升级成特殊Ｚ招式的Ｚ力量结晶。
712,智皮卡Ｚ,サトピカＺ,Pikashunium Z,可用它来制造用于对战并能将戴着帽子的皮卡丘的十万伏特升级成特殊Ｚ招式的Ｚ力量结晶。
713,索尔迦雷欧Ｚ,ソルガレオＺ,Solganium Z,可用它来制造用于对战并能将索尔迦雷欧的流星闪冲升级成Ｚ招式的Ｚ力量结晶。
714,露奈雅拉Ｚ,ルナアーラＺ,Lunalium Z,可用它来制造用于对战并能将露奈雅拉的暗影之光升级成Ｚ招式的Ｚ力量结晶。
715,究极奈克洛Ｚ,ウルトラネクロＺ,Ultranecrozium Z,能让和索尔迦雷欧或露奈雅拉合体的奈克洛兹玛变成崭新样子的结晶。
716,谜拟ＱＺ,ミミッキュＺ,Mimikium Z,可用它来制造用于对战并能将谜拟Ｑ的嬉闹升级成Ｚ招式的Ｚ力量结晶。
717,鬃岩狼人Ｚ,ルガルガンＺ,Lycanium Z,可用它来制造用于对战并能将鬃岩狼人的尖石攻击升级成Ｚ招式的Ｚ力量结晶。
718,杖尾鳞甲龙Ｚ,ジャラランガＺ,Kommonium Z,可用它来制造用于对战并能将杖尾鳞甲龙的鳞片噪音升级成Ｚ招式的Ｚ力量结晶。
719,一般Ｚ,ノーマルＺ,Normalium Z,Ｚ力量的结晶。会将一般属性的招式升级成Ｚ招式。
720,火Ｚ,ホノオＺ,Firium Z,Ｚ力量的结晶。会将火属性的招式升级成Ｚ招式。
721,水Ｚ,ミズＺ,Waterium Z,Ｚ力量的结晶。会将水属性的招式升级成Ｚ招式。
722,电Ｚ,デンキＺ,Electrium Z,Ｚ力量的结晶。会将电属性的招式升级成Ｚ招式。
723,草Ｚ,クサＺ,Grassium Z,Ｚ力量的结晶。会将草属性的招式升级成Ｚ招式。
724,冰Ｚ,コオリＺ,Icium Z,Ｚ力量的结晶。会将冰属性的招式升级成Ｚ招式。
725,格斗Ｚ,カクトウＺ,Fightinium Z,Ｚ力量的结晶。会将格斗属性的招式升级成Ｚ招式。
726,毒Ｚ,ドクＺ,Poisonium Z,Ｚ力量的结晶。会将毒属性的招式升级成Ｚ招式。
727,地面Ｚ,ジメンＺ,Groundium Z,Ｚ力量的结晶。会将地面属性的招式升级成Ｚ招式。
728,飞行Ｚ,ヒコウＺ,Flyinium Z,Ｚ力量的结晶。会将飞行属性的招式升级成Ｚ招式。
729,超能力Ｚ,エスパーＺ,Psychium Z,Ｚ力量的结晶。会将超能力属性的招式升级成Ｚ招式。
730,虫Ｚ,ムシＺ,Buginium Z,Ｚ力量的结晶。会将虫属性的招式升级成Ｚ招式。
731,岩石Ｚ,イワＺ,Rockium Z,Ｚ力量的结晶。会将岩石属性的招式升级成Ｚ招式。
732,幽灵Ｚ,ゴーストＺ,Ghostium Z,Ｚ力量的结晶。会将幽灵属性的招式升级成Ｚ招式。
733,龙Ｚ,ドラゴンＺ,Dragonium Z,Ｚ力量的结晶。会将龙属性的招式升级成Ｚ招式。
734,恶Ｚ,アクＺ,Darkinium Z,Ｚ力量的结晶。会将恶属性的招式升级成Ｚ招式。
735,钢Ｚ,ハガネＺ,Steelium Z,Ｚ力量的结晶。会将钢属性的招式升级成Ｚ招式。
736,妖精Ｚ,フェアリーＺ,Fairium Z,Ｚ力量的结晶。会将妖精属性的招式升级成Ｚ招式。
737,皮卡丘Ｚ,ピカチュウＺ,Pikanium Z,Ｚ力量的结晶。会将皮卡丘的伏特攻击升级成Ｚ招式。
738,狙射树枭Ｚ,ジュナイパーＺ,Decidium Z,Ｚ力量的结晶。会将狙射树枭的缝影升级成Ｚ招式。
739,炽焰咆哮虎Ｚ,ガオガエンＺ,Incinium Z,Ｚ力量的结晶。会将炽焰咆哮虎的ＤＤ金勾臂升级成Ｚ招式。
740,西狮海壬Ｚ,アシレーヌＺ,Primarium Z,Ｚ力量的结晶。会将西狮海壬的泡影的咏叹调升级成Ｚ招式。
741,卡璞Ｚ,カプＺ,Tapunium Z,Ｚ力量的结晶。会将卡璞们的自然之怒升级成Ｚ招式。
742,玛夏多Ｚ,マーシャドーＺ,Marshadium Z,Ｚ力量的结晶。会将玛夏多的暗影偷盗升级成Ｚ招式。
743,阿罗雷Ｚ,アロライＺ,Aloraichium Z,Ｚ力量的结晶。会将阿罗拉地区雷丘的十万伏特升级成Ｚ招式。
744,卡比兽Ｚ,カビゴンＺ,Snorlium Z,Ｚ力量的结晶。会将卡比兽的终极冲击升级成Ｚ招式。
745,伊布Ｚ,イーブイＺ,Eevium Z,Ｚ力量的结晶。会将伊布的珍藏升级成Ｚ招式。
746,梦幻Ｚ,ミュウＺ,Mewnium Z,Ｚ力量的结晶。会将梦幻的精神强念升级成Ｚ招式。
747,智皮卡Ｚ,サトピカＺ,Pikashunium Z,Ｚ力量的结晶。会将戴着帽子的皮卡丘的十万伏特升级成Ｚ招式。
748,索尔迦雷欧Ｚ,ソルガレオＺ,Solganium Z,Ｚ力量的结晶。会将索尔迦雷欧的流星闪冲升级成Ｚ招式。
749,露奈雅拉Ｚ,ルナアーラＺ,Lunalium Z,Ｚ力量的结晶。会将露奈雅拉的暗影之光升级成Ｚ招式。
750,究极奈克洛Ｚ,ウルトラネクロＺ,Ultranecrozium Z,Ｚ力量的结晶。会将奈克洛兹玛的光子喷涌升级成Ｚ招式。
751,谜拟ＱＺ,ミミッキュＺ,Mimikium Z,Ｚ力量的结晶。会将谜拟Ｑ的嬉闹升级成Ｚ招式。
752,鬃岩狼人Ｚ,ルガルガンＺ,Lycanium Z,Ｚ力量的结晶。会将鬃岩狼人的尖石攻击升级成Ｚ招式。
753,杖尾鳞甲龙Ｚ,ジャラランガＺ,Kommonium Z,Ｚ力量的结晶。会将杖尾鳞甲龙的鳞片噪音升级成Ｚ招式。
754,长棍面包,バゲット,Baguette,以切开的棒状面包制成。带有小麦的香味与朴素的咸味，无论与什么食材都很搭配。
755,蛋黄酱,マヨネーズ,Mayonnaise,酸味强烈的调味料，然而与各种食材都很搭配，不过要注意其卡路里。
756,番茄酱,ケチャップ,Ketchup,咸味和酸味强烈的调味料。以番茄为中心，由数种原料加工制成。
757,黄芥末酱,マスタード,Mustard,辣味强烈的调味料。制作面包料理必不可少，与番茄酱乃天作之合。
758,黄油,バター,Butter,带有甜味和咸味的调味料。不仅味道浓郁，更能提升面包口感。哞哞鲜奶１００％的乃是高级品。
759,花生酱,ピーナッツバター,Peanut Butter,甜味强烈的调味料。在帕底亚地区比起无糖，似乎甜甜的更受人欢迎。
760,辣酱,チリソース,Chili Sauce,辣味强烈的调味料。使用从狠辣椒抽出的成分调制而成的刺激酱汁。
761,盐,ソルト,Salt,咸味强烈的调味料。从四四方方的盐石垒脚印下采集到的盐特别受欢迎。
762,胡椒,ペッパー,Pepper,辣味强烈的调味料。与油腻的食材很搭配。来加一点提升风味吧。
763,酸奶,ヨーグルト,Yogurt,甜味和酸味强烈的调味料。与水果类的食物特别搭配，也很容易用在三明治上。
764,鲜奶油,ホイップクリーム,Whipped Cream,甜味强烈的调味料。在帕底亚，甜味突出的东西会受到欢迎。
765,奶油芝士,クリームチーズ,Cream Cheese,带有甜味、酸味和咸味的调味料。意外地与不少食材都很搭配，是能随意运用的调味料。
766,莓果酱,ベリージャム,Jam,甜味和酸味强烈的调味料。用在三明治上时甜味偏强，使用时要足够注意。
767,橘子酱,マーマレード,Marmalade,能让人感受到酸味和苦味的调味料。与油腻的食材很搭配，意外地是种用途广泛的食材。
768,橄榄油,オリーブオイル,Olive Oil,能稍微尝到酸味和苦味的调味料。带有迷你芙喜欢味道的油品质很高，所以会特别受到珍重。
769,醋,ビネガー,Vinegar,酸味强烈的调味料。在帕底亚，葡萄制成的醋很受欢迎。作为添加风味使用，效果会十分好。
770,辣根,ホースラディッシュ,Horseradish,辣味强烈的调味料。穿鼻而过般的辣味是其特征，与油腻的馅料很搭配。
771,咖喱粉,カレーパウダー,Curry Powder,辣味强烈的调味料。虽然是很出色的调味料，但需注意下太多可会抢掉其他食材的味道。
772,芥末酱,ワサビソース,Wasabi,辣味强烈的调味料。是一款风味与辣根相似的优秀调味料。
773,秘传：甜味料,ひでん：あまスパイス,Sweet Herba Mystica,仅出现在文献中的奇幻调味料。更有称品尝过其甜味之后胃被激活，食欲不振得到根治的轶事。
774,秘传：咸味料,ひでん：しおスパイス,Salty Herba Mystica,被以奇幻来形容的调味料之一。醇美的咸味在促进健康上据说有着惊人的效果。
775,秘传：酸味料,ひでん：すぱスパイス,Sour Herba Mystica,一种拥有出众酸味的调味料，据说还拥有优秀的恢复疲劳效果。只有极少数的人知道它的存在。
776,秘传：苦味料,ひでん：にがスパイス,Bitter Herba Mystica,拥有浓厚苦味的奇幻调味料。相传能大幅提高身体的免疫力，但事实真实性不明。
777,秘传：辣味料,ひでん：からスパイス,Spicy Herba Mystica,这款幻之调味料据说拥有极品的辣味，传闻只要吃一口，新陈代谢就会爆炸性地提高。
778,野餐组合,ピクニックセット,Picnic Set,在能收纳大量物品的野餐篮中，塞满了各种用来和宝可梦野餐的道具。
779,校园水壶,スクールボトル,Academy Bottle,校徽闪亮耀眼的水壶。轻巧坚固，采用了真空隔热的构造，由保温到保冷，功能一应俱全。
780,校园水壶,スクールボトル,Academy Bottle,校徽闪亮耀眼的水壶。轻巧坚固，采用了真空隔热的构造，由保温到保冷，功能一应俱全。
781,圆点水壶,みずたまボトル,Polka-Dot Bottle,带有圆点图案，轻便小巧还附带杯子的水壶。配备了可拆式挂绳，方便携带。
782,条纹水壶,ストライプボトル,Striped Bottle,带有条纹图案，轻便小巧还附带杯子的水壶。配备了可拆式挂绳，方便携带。
783,菱纹水壶,ダイヤボトル,Diamond Bottle,带有菱纹图案，轻便小巧还附带杯子的水壶。配备了可拆式挂绳，方便携带。
784,校园水杯,スクールカップ,Academy Cup,学院指定的野餐用杯。杯口造型经过精雕细琢，在学校内外都很有人气。
785,校园水杯,スクールカップ,Academy Cup,学院指定的野餐用杯。杯口造型经过精雕细琢，在学校内外都很有人气。
786,直条纹水杯,たてストライプカップ,Striped Cup,野餐时小孩使用的杯子。使用轻巧坚固的材料制成。能够叠起来，因此方便携带。
787,圆点水杯,みずたまカップ,Polka-Dot Cup,野餐时小孩使用的杯子。使用轻巧坚固的材料制成。能够叠起来，因此方便携带。
788,花朵水杯,フラワーカップ,Flower Pattern Cup,野餐时小孩使用的杯子。使用轻巧坚固的材料制成。能够叠起来，因此方便携带。
789,校园桌巾,スクールクロス,Academy Tablecloth,学院指定的桌巾。采用耐热材料，以最新的纤维加工技术制成。即使是使用锐利之爪都不能弄破。
790,校园桌巾,スクールクロス,Academy Tablecloth,学院指定的桌巾。采用耐热材料，以最新的纤维加工技术制成。即使是使用锐利之爪都不能弄破。
791,幻彩桌巾,ファンシークロス,Whimsical Tablecloth,与当红绘本作家共同创作的商品。这款桌巾上有着以温柔笔触描绘出的宝可梦，能为餐桌增花添彩。
792,大自然桌巾,ネイチャークロス,Leafy Tablecloth,印有草属性宝可梦，以植物图案为主的桌巾。找出混在里面的异类吧。
793,鬼祟桌巾,うらめしクロス,Spooky Tablecloth,在海军蓝的布料上浮现出宝可梦的脸的时尚桌巾。是幽灵属性爱好者必备的道具。
794,校园球,スクールボール,Academy Ball,学院指定的球。普通尺寸。有很多学生相信只要完美踢中勋章的部分，就能让球笔直飞出。
795,校园球,スクールボール,Academy Ball,学院指定的球。普通尺寸。有很多学生相信只要完美踢中勋章的部分，就能让球笔直飞出。
796,玛力露球,マリルボール,Marill Ball,参考玛力露制作的球。柔软而有弹性。要注意别误把真的玛力露扔出去了。
797,毛线球,けいとボール,Yarn Ball,以毛线制作的小球。编织得不易散开。即使散开，也能作为毛线被循环利用。
798,电竞球,ゲーミングボール,Cyber Ball,模仿电竞迷所喜欢的人气电竞电脑所制作的球。它不像真电脑那样能发光，但还是很显眼。
799,金色三明治签,ゴールドピック,Gold Pick,充满高档气息的金色签子。插了它就能让人感受到奢华的感觉，连不喜欢的食材应该也能大口吃下。
800,银色三明治签,シルバーピック,Silver Pick,充满高档气息的银色签子。插了它就能让人感受到奢华的感觉，连不喜欢的食材应该也能大口吃下。
801,红旗子三明治签,あかいはたピック,Red-Flag Pick,签子上带有酝酿出冒险感的红色旗帜。旗帜的部分由厚纸制成，因此即使没有风也能完全展开。
802,蓝旗子三明治签,あおいはたピック,Blue-Flag Pick,签子上带有酝酿出冒险感的蓝色旗帜。旗帜的部分由厚纸制成，因此即使没有风也能完全展开。
803,皮卡丘三明治签,ピカピカピック,Pika-Pika Pick,设计成皮卡丘的签子。印着皮卡丘平常的表情。耳朵部分方便易拿也是其受欢迎的秘密。
804,眨眼皮卡丘三明治签,パチピカピック,Winking Pika Pick,设计成皮卡丘的签子。印着皮卡丘眨眼的表情。耳朵部分方便易拿也是其受欢迎的秘密。
805,伊布三明治签,ブイブイピック,Vee-Vee Pick,设计成伊布的签子。印着伊布平常的表情。耳朵部分方便易拿也是其受欢迎的秘密。
806,笑脸伊布三明治签,ニコブイピック,Smiling Vee Pick,设计成伊布的签子。印着伊布露出笑脸的模样。耳朵部分方便易拿也是其受欢迎的秘密。
807,蓝珠珠三明治签,あおボールピック,Blue Poké Ball Pick,带有简约蓝色球的签子。一开始选择了水属性宝可梦的训练家经常会使用。
808,粉红水壶,ピンクボトル,Pink Bottle,是用于野餐的水壶中较为大众的商品。设计简约，易于携带。无论男女都有很多人会选择它。
809,蓝色水壶,ブルーボトル,Blue Bottle,是用于野餐的水壶中较为大众的商品。设计简约，易于携带。无论男女都有很多人会选择它。
810,黄色水壶,イエローボトル,Yellow Bottle,是用于野餐的水壶中较为大众的商品。设计简约，易于携带。无论男女都有很多人会选择它。
811,红纹不锈钢水壶,Rステンレスボトル,Steel Bottle (R),在露营时也会使用到的标准款水壶。以不易导热的不锈钢制成，具备极佳的保温保冷功能。
812,黄纹不锈钢水壶,Yステンレスボトル,Steel Bottle (Y),在露营时也会使用到的标准款水壶。以不易导热的不锈钢制成，具备极佳的保温保冷功能。
813,蓝纹不锈钢水壶,Bステンレスボトル,Steel Bottle (B),在露营时也会使用到的标准款水壶。以不易导热的不锈钢制成，具备极佳的保温保冷功能。
814,银钛水壶,シルバーチタンボトル,Silver Bottle,在登山男与登山女孩之间很有人气的商品。使用钛制成，即使用来装含盐分的液体也不会生锈。
815,横条纹水杯,よこストライプカップ,Barred Cup,在家吃饭时也经常会用到的杯子。轻巧坚固，能叠起来收纳，方便携带。
816,菱纹水杯,ダイヤカップ,Diamond Pattern Cup,在家吃饭时也经常会用到的杯子。轻巧坚固，能叠起来收纳，方便携带。
817,火焰水杯,ファイヤーカップ,Fire Pattern Cup,在家吃饭时也经常会用到的杯子。轻巧坚固，能叠起来收纳，方便携带。
818,粉红水杯,ピンクカップ,Pink Cup,与粉红水壶成套购买的杯子。因为不能叠放，所以不利于收纳，但很受追求拍出精美照片的人欢迎。
819,蓝色水杯,ブルーカップ,Blue Cup,与蓝色水壶成套购买的杯子。因为不能叠放，所以不利于收纳，但很受追求拍出精美照片的人欢迎。
820,黄色水杯,イエローカップ,Yellow Cup,与黄色水壶成套购买的杯子。因为不能叠放，所以不利于收纳，但很受追求拍出精美照片的人欢迎。
821,皮卡丘水杯,ピカチュウカップ,Pikachu Cup,为喜欢宝可梦的人而制作的杯子。靠这个杯子能让小孩精神饱满地乖乖喝东西，可帮父母一个大忙。
822,伊布水杯,イーブイカップ,Eevee Cup,为喜欢宝可梦的人而制作的杯子。靠这个杯子能让小孩小心翼翼地乖乖喝东西，可帮父母一个大忙。
823,呆呆兽水杯,ヤドンカップ,Slowpoke Cup,为喜欢宝可梦的人而制作的杯子。靠这个杯子能让小孩不挑三拣四地乖乖喝东西，可帮父母一个大忙。
824,银钛水杯,シルバーチタンカップ,Silver Cup,在登山男与登山女孩之间很有人气的商品。使用钛制成，即使注入含盐分的液体也不会生锈。
825,瑜珈球,バランスボール,Exercise Ball,健身用的大球。若能漂亮地乘上去，便可以锻炼体干。当厌倦锻炼了，还能当椅子使用。
826,黄色格子桌巾,きいろチェッククロス,Plaid Tablecloth (Y),以厚重布料制作的结实桌巾。其充满活力的黄色格子图案，能让食桌摇身变得充满生机。
827,蓝色格子桌巾,あおチェッククロス,Plaid Tablecloth (B),以厚重布料制作的结实桌巾。其宁静温和的蓝色格子图案，能让食桌摇身变得神清气爽。
828,红色格子桌巾,あかチェッククロス,Plaid Tablecloth (R),以厚重布料制作的结实桌巾。其沉着稳重的红色格子图案，能让食桌摇身变得优雅别致。
829,黑白草丛桌巾,くさむらモノクロス,B&W Grass Tablecloth,黑白配色的精美桌巾。藏身在草丛中的宝可梦感觉随时都会跳出来。
830,对决桌巾,しょうぶクロス,Battle Tablecloth,颜色鲜艳引人注目的桌巾。只要铺上这个吃饭，无论是人还是宝可梦都会充满干劲。
831,怪兽桌巾,かいじゅうクロス,Monstrous Tablecloth,由深灰科学博物馆监制的桌巾。充满学术氛围的配色与图案小孩大人都喜欢。
832,条纹桌巾,ストライプクロス,Striped Tablecloth,带有条纹图案的时尚桌巾。既防水又防霉，性能优越。弄脏了也一下就能擦掉。
833,菱纹桌巾,ダイヤクロス,Diamond Tablecloth,带有菱纹图案的时尚桌巾。既防水又防霉，性能优越。弄脏了也一下就能擦掉。
834,圆点桌巾,みずたまクロス,Polka-Dot Tablecloth,带有圆点图案的时尚桌巾。既防水又防霉，性能优越。弄脏了也一下就能擦掉。
835,紫色桌巾,パープルクロス,Lilac Tablecloth,柔软的紫色桌巾。丝柔顺滑亲近肌肤，放上餐具也不会发出声音。
836,浅绿桌巾,ミントクロス,Mint Tablecloth,柔软的浅绿色桌巾。丝柔顺滑亲近肌肤，放上餐具也不会发出声音。
837,米色桌巾,ベージュクロス,Peach Tablecloth,柔软的米色桌巾。丝柔顺滑亲近肌肤，放上餐具也不会发出声音。
838,黄色桌巾,イエロークロス,Yellow Tablecloth,稳重的黄色桌巾。丝柔顺滑亲近肌肤，放上餐具也不会发出声音。
839,蓝色桌巾,ブルークロス,Blue Tablecloth,稳重的蓝色桌巾。丝柔顺滑亲近肌肤，放上餐具也不会发出声音。
840,粉红桌巾,ピンククロス,Pink Tablecloth,稳重的粉红色桌巾。丝柔顺滑亲近肌肤，放上餐具也不会发出声音。
841,金钛水壶,ゴールドチタンボトル,Gold Bottle,在登山男与登山女孩之间很有人气的商品。使用钛制成，即使用来装含盐分的液体也不会生锈。
842,铜钛水壶,ブロンズチタンボトル,Bronze Bottle,在登山男与登山女孩之间很有人气的商品。使用钛制成，即使用来装含盐分的液体也不会生锈。
843,金钛水杯,ゴールドチタンカップ,Gold Cup,在登山男与登山女孩之间很有人气的商品。使用钛制成，即使注入含盐分的液体也不会生锈。
844,铜钛水杯,ブロンズチタンカップ,Bronze Cup,在登山男与登山女孩之间很有人气的商品。使用钛制成，即使注入含盐分的液体也不会生锈。
845,绿珠珠三明治签,みどりボールピック,Green Poké Ball Pick,带有简约绿色球的签子。一开始选择了草属性宝可梦的训练家经常会使用。
846,红珠珠三明治签,あかボールピック,Red Poké Ball Pick,带有简约红色球的签子。一开始选择了火属性宝可梦的训练家经常会使用。
847,烟花祝庆三明治签,おいわいはなびピック,Party Sparkler Pick,会自动烧起小火花的签子。会用在派对或喜庆场合。燃尽后的味道会让人上瘾。
848,勇者之剑三明治签,ゆうしゃのけんピック,Heroic Sword Pick,追求帅气的签子。餐后能用来装传说中的勇者来玩游戏。不知为何会在观光胜地的特产店中贩卖。
849,魔法星星三明治签,マジカルスターピック,Magical Star Pick,魔法棒形的签子。制作便当的人那希望做得好吃的心愿或许就是魔法。
850,魔法甜心三明治签,マジカルハートピック,Magical Heart Pick,魔法棒形的签子。制作便当的人那希望做得好吃的心愿或许就是魔法。
851,阳伞三明治签,パラソルピック,Parasol Pick,虽然有人批评伞的部分不易拿且会弄脏手，但餐后能用来转着玩，很有趣。
852,晴空花三明治签,あおぞらおはなピック,Blue-Sky Flower Pick,以晴空为灵感创作的花朵签子。只要用上几种天色花朵系列的签子，保证能让野餐的氛围得到升华。
853,夕阳花三明治签,ゆうやけおはなピック,Sunset Flower Pick,以夕阳为灵感创作的花朵签子。只要用上几种天色花朵系列的签子，保证能让野餐的氛围得到升华。
854,朝霞花三明治签,あさやけおはなピック,Sunrise Flower Pick,以朝霞为灵感创作的花朵签子。只要用上几种天色花朵系列的签子，保证能让野餐的氛围得到升华。
855,蓝色盘子,ブループレート,Blue Dish,野餐用的盘子。为了能够配合料理和心情使用，其有着丰富的颜色种类。蓝色的是销售量稳定的商品。
856,绿色盘子,グリーンプレート,Green Dish,野餐用的盘子。为了能够配合料理和心情使用，其有着丰富的颜色种类。绿色的是非常有人气的商品。
857,橘色盘子,オレンジプレート,Orange Dish,野餐用的盘子。为了能够配合料理和心情使用，其有着丰富的颜色种类。橘色的是稳居人气榜前几名的商品。
858,红色盘子,レッドプレート,Red Dish,野餐用的盘子。为了能够配合料理和心情使用，其有着丰富的颜色种类。红色的是永远都有市场的商品。
859,白色盘子,ホワイトプレート,White Dish,野餐用的盘子。为了能够配合料理和心情使用，其有着丰富的颜色种类。白色的是深受店家推荐的商品。
860,黄色盘子,イエロープレート,Yellow Dish,野餐用的盘子。为了能够配合料理和心情使用，其有着丰富的颜色种类。黄色的是买了绝不会后悔的商品。
861,简约椅子,シンプルチェア,Simple Chairs,在野餐时很好用的椅子。设计简约，结实耐脏。
862,校园椅子,スクールチェア,Academy Chairs,在野餐时很好用的椅子。根据校园桌巾的设计制作而成。
863,校园椅子,スクールチェア,Academy Chairs,在野餐时很好用的椅子。根据校园桌巾的设计制作而成。
864,幻彩椅子,ファンシーチェア,Whimsical Chairs,在野餐时很好用的椅子。根据幻彩桌巾的设计制作而成。
865,大自然椅子,ネイチャーチェア,Leafy Chairs,在野餐时很好用的椅子。根据大自然桌巾的设计制作而成。
866,鬼祟椅子,うらめしチェア,Spooky Chairs,在野餐时很好用的椅子。根据鬼祟桌巾的设计制作而成。
867,黄色格子椅子,きいろチェックチェア,Plaid Chairs (Y),在野餐时很好用的椅子。根据黄色格子桌巾的设计制作而成。
868,蓝色格子椅子,あおチェックチェア,Plaid Chairs (B),在野餐时很好用的椅子。根据蓝色格子桌巾的设计制作而成。
869,红色格子椅子,あかチェックチェア,Plaid Chairs (R),在野餐时很好用的椅子。根据红色格子桌巾的设计制作而成。
870,草丛椅子,くさむらチェア,B&W Grass Chairs,在野餐时很好用的椅子。根据黑白草丛桌巾的设计制作而成。
871,对决椅子,しょうぶチェア,Battle Chairs,在野餐时很好用的椅子。根据对决桌巾的设计制作而成。
872,怪兽椅子,かいじゅうチェア,Monstrous Chairs,在野餐时很好用的椅子。根据怪兽桌巾的设计制作而成。
873,条纹椅子,ストライプチェア,Striped Chairs,在野餐时很好用的椅子。根据条纹桌巾的设计制作而成。
874,菱纹椅子,ダイヤチェア,Diamond Chairs,在野餐时很好用的椅子。根据菱纹桌巾的设计制作而成。
875,圆点椅子,みずたまチェア,Polka-Dot Chairs,在野餐时很好用的椅子。根据圆点桌巾的设计制作而成。
876,紫色椅子,パープルチェア,Lilac Chairs,在野餐时很好用的椅子。根据紫色桌巾的设计制作而成。
877,浅绿椅子,ミントチェア,Mint Chairs,在野餐时很好用的椅子。根据浅绿桌巾的设计制作而成。
878,米色椅子,ベージュチェア,Peach Chairs,在野餐时很好用的椅子。根据米色桌巾的设计制作而成。
879,黄色椅子,イエローチェア,Yellow Chairs,在野餐时很好用的椅子。根据黄色桌巾的设计制作而成。
880,蓝色椅子,ブルーチェア,Blue Chairs,在野餐时很好用的椅子。根据蓝色桌巾的设计制作而成。
881,粉红椅子,ピンクチェア,Pink Chairs,在野餐时很好用的椅子。根据粉红桌巾的设计制作而成。
882,鸭嘴炎兽三明治签,メラメラピック,Fiery Pick,设计成鸭嘴炎兽的签子。据说使用这种签子会让三明治看起来像刚做好的一样热气腾腾。
883,蓝莓桌巾,ブルーベリークロス,Blueberry Tablecloth,蓝莓学园指定的桌巾。采用耐热材料，以最新的纤维加工技术制成。即使是使用锐利之牙都不能撕开。
884,蓝莓椅子,ブルーベリーチェア,Blueberry Chairs,在野餐时很好用的椅子。根据蓝莓桌巾的设计制作而成。
885,粗绞肉香肠,あらびきヴルスト,Sausages,在露营营地制作料理时会使用的一种食材。白香肠是香肠的一种。需要先煮过之后再食用。
886,饱伯罐头,ボブのかんづめ,Bob's Food Tins,在露营营地制作料理时会使用的一种食材。不知是什么原因，饱伯卖的罐头在伽勒尔特别受欢迎。
887,巴哈罐头,バックのかんづめ,Bach's Food Tins,在露营营地制作料理时会使用的一种食材。不知是什么原因，巴哈卖的罐头在伽勒尔特别受欢迎。
888,豆子罐头,マメかん,Tins of Beans,在露营营地制作料理时会使用的一种食材。放进料理里一起煮，豆子的那种香甜就会散发出来。
889,吐司面包,しょくパン,Bread,在露营营地制作料理时会使用的一种食材。同时也是用于吸干盘中最后一滴咖喱的秘密武器。
890,通心粉,パスタ,Pasta,在露营营地制作料理时会使用的一种食材。是由麦儿粉揉制的面条。搭配咖喱出乎意料地美味。
891,袋装蕈菇,キノコパック,Mixed Mushrooms,在露营营地制作料理时会使用的一种食材。各种菌菇混在一起的嚼劲会为口感带来变化。
892,烟熏尾巴,しっぽのくんせい,Smoke-Poke Tails,在露营营地制作料理时会使用的一种食材。宝可梦呆呆兽的尾巴就算断掉也会很快长出新的。
893,粗枝大葱,ふといながねぎ,Large Leeks,在露营营地制作料理时会使用的一种食材。不知是不是宝可梦大葱鸭最爱的那种植物的茎。
894,特选苹果,とくせんリンゴ,Fancy Apples,在露营营地制作料理时会使用的一种食材。历经千挑万选的苹果不仅形状饱满，表皮更是亮泽鲜艳。
895,细骨,かぼそいホネ,Brittle Bones,在露营营地制作料理时会使用的一种食材。将骨头精心熬煮而得的一丝浓缩的精华加深了料理的美味。
896,袋装土豆,ポテトパック,Packs of Potatoes,在露营营地制作料理时会使用的一种食材。土豆能中和辣味，使整道料理的滋味变得柔和。
897,水边香草,みずべのハーブ,Pungent Roots,在露营营地制作料理时会使用的一种食材。将信手摘取的香草点缀在上面，使料理更加色香味俱全。
898,袋装蔬菜,やさいパック,Salad Mixes,在露营营地制作料理时会使用的一种食材。将各种蔬菜搭配到一起，看上去就非常有益健康。
899,炸物拼盘,フライもりあわせ,Fried Foods,在露营营地制作料理时会使用的一种食材。炸完出锅后放置了一段时间，所以稍稍有些油腻。
900,水煮蛋,ゆでタマゴ,Boiled Eggs,在露营营地制作料理时会使用的一种食材。只需一个水煮蛋，整道料理的水准都能得到升华。
901,袋装果实,フサパック,Fruit Bunches,在露营营地制作料理时会使用的一种食材。煮得粘稠浓厚的水果，能为料理增添一份热带风情。
902,哞哞乳酪,モーモーチーズ,Moomoo Cheese,在露营营地制作料理时会使用的一种食材。融化的芝士能为咖喱增添一份独特的浓郁。
903,香料组合,スパイスセット,Spice Mix,在露营营地制作料理时会使用的一种食材。加入了超过５０种香辛料调配而成，香辣十足。
904,鲜鲜奶油,しんせんクリーム,Fresh Cream,在露营营地制作料理时会使用的一种食材。在辣味的咖喱中加入奶油，使滋味变得香甜可口。
905,即食咖喱,レトルトカレー,Packaged Curry,在露营营地制作料理时会使用的一种食材。使用这种成品速食咖喱，可以有效预防失误。
906,椰奶,ヤシのミルク,Coconut Milk,在露营营地制作料理时会使用的一种食材。椰奶那种与众不同的清甜滋味非常受欢迎。
907,即食面,レトルトめん,Instant Noodles,在露营营地制作料理时会使用的一种食材。没想到加入速食食品，滋味也出乎意料地和谐。
908,即食肉排,レトルトバーグ,Precooked Burgers,在露营营地制作料理时会使用的一种食材。不知道该加什么的时候，选择这种汉堡肉准没错。
909,超极粉,キョダイパウダー,Gigantamixes,在露营营地制作料理时会使用的食材。只要把这种神奇的香辛料往咖喱上轻轻一撒，咖喱就会变得巨大无比。
910,生菜,レタス,Lettuce,带苦味的食材。因为味道朴素，所以能与各种食材搭配享用。
911,番茄片,トマトスライス,Tomato,酸味强烈的食材。含有许多鲜味成分，所以受到各种宝可梦欢迎。
912,小番茄块,カットミニトマト,Cherry Tomatoes,酸味强烈的食材。味道特别甜的品种在帕底亚很受欢迎。
913,小黄瓜片,キュウリスライス,Cucumber,带有酸味和苦味的食材。想要活用其草腥味的话，就和味道浓厚的食材一起做成三明治吧。
914,酸黄瓜片,ピクルススライス,Pickle,酸味强烈的食材。是通过香料与醋制作的调味液腌制蔬菜而成。
915,洋葱片,たまねぎスライス,Onion,带有辣味的食材。三明治中不可或缺的蔬菜。和油腻的食材很搭配。
916,红洋葱,アーリーレッド,Red Onion,带有甜味的食材。与洋葱相比，辣味和香味都较淡，容易入口。
917,青椒片,ピーマンスライス,Green Bell Pepper,带有苦味的食材。切成片放进三明治当中能够起到提味作用。
918,红椒片,あかパプリカスライス,Red Bell Pepper,带有苦味的食材。苦味及其风味比青椒更加淡，易于使用。
919,黄椒片,きパプリカスライス,Yellow Bell Pepper,带有苦味的食材。味道与红椒几乎无异，但混合起来用便能给人带来视觉享受。
920,牛油果,アボカド,Avocado,带有甜味的食材。味道本身虽淡薄但有深度，吃起来足够让人满足。
921,煎培根,やきベーコン,Bacon,咸味强烈的食材。充分煎至焦脆程度恰到好处，因此香味与鲜味十足。
922,火腿片,ハムスライス,Ham,咸味强烈的食材。因为其咸味很足，所以与蔬菜类的食材非常搭配。
923,生火腿,なまハム,Prosciutto,咸味很强的食材。因为与火腿不同，并没有加热，所以能享受新鲜的味道。
924,煎辣香肠,やきチョリソー,Chorizo,咸味和辣味强烈的食材。咸味十足的香肠，够辣的类型很受欢迎。
925,香草香肠,ハーブソーセージ,Herbed Sausage,咸味和苦味强烈的食材。极强的咸味和香草的苦味相互平衡讨人喜爱。
926,汉堡排,ハンバーグ,Hamburger,咸味强烈的食材。如果希望三明治能吃得让人满足，就绝不能少了它。
927,毛崖蟹棒,ガケガニスティック,Klawf Stick,甜味和咸味强烈的食材。由毛崖蟹脱下的壳的萃取物调制而成的健康加工食品。
928,烟熏鱼片,スモークきりみ,Smoked Fillet,咸味和苦味强烈的食材。带有通过熏制得到的独特风味，与蔬菜类食材特别搭配。
929,炸鱼片,きりみフライ,Fried Fillet,咸味和苦味强烈的食材。若要用来制作三明治，调味时最好加入酸味。
930,水煮蛋片,スライスエッグ,Egg,带有咸味的食材。能以各种调味品尝且营养充足的食材。
931,烘蛋,トルティージャ,Potato Tortilla,咸味强烈的食材。在帕底亚是很有人气的料理。拥有充足的份量。
932,豆腐,トーフ,Tofu,带有甜味的食材。生豆腐。作为三明治馅料的潜力还是未知数。
933,米饭,ライス,Rice,带有甜味的食材。煮熟的米。作为三明治馅料的潜力还是未知数。
934,面条,ヌードル,Noodles,带有咸味的食材。煮熟的面。作为三明治馅料的潜力还是未知数。
935,土豆沙拉,ポテトサラダ,Potato Salad,酸味强烈的食材。以土豆为主的沙拉。与面包的搭配程度不容小觑。
936,芝士片,スライスチーズ,Cheese,带有咸味的食材。切成薄片的芝士。方便使用，适合用作三明治的馅料。
937,香蕉片,バナナスライス,Banana,甜味强烈的食材。甘甜味美，是很多宝可梦都喜爱的经典水果。
938,草莓片,いちごスライス,Strawberry,酸味和甜味强烈的食材。三明治只要夹了它就能变得抢镜，因此是一种十分有人气的食材。
939,苹果片,わぎりリンゴ,Apple,甜味强烈的食材。切成了片，作为三明治馅料用起来十分方便。
940,奇异果片,わぎりキウイ,Kiwi,酸味强烈的食材。带有很强酸味和淡淡的甜味。与油腻的食材很搭配。
941,凤梨片,カットパイン,Pineapple,酸味强烈的食材。能让人大饱眼福和口福的南国果实。被切成了容易吃的形状。
942,小辣椒,ハラペーニョ,Jalapeño,辣味强烈的食材。由于辣味非常之强，所以是喜恶两极化的食材。
943,豆瓣菜,クレソン,Watercress,苦味强烈的食材。以独特口味为特征的蔬菜。是种有点挑人的食材。
944,罗勒,バジル,Basil,苦味强烈的食材。是一种容易使用的香草。十分芳香，与番茄很搭配。
945,樱子果,クラボのみ,Cheri Berry,让宝可梦携带后，可以治愈麻痹。
946,零余果,カゴのみ,Chesto Berry,让宝可梦携带后，可以治愈睡眠。
947,桃桃果,モモンのみ,Pecha Berry,让宝可梦携带后，可以治愈中毒。
948,莓莓果,チーゴのみ,Rawst Berry,让宝可梦携带后，可以治愈灼伤。
949,利木果,ナナシのみ,Aspear Berry,让宝可梦携带后，可以治愈冰冻。
950,苹野果,ヒメリのみ,Leppa Berry,让宝可梦携带后，可以回复１０ＰＰ。
951,橙橙果,オレンのみ,Oran Berry,让宝可梦携带后，可以回复１０ＨＰ。
952,柿仔果,キーのみ,Persim Berry,让宝可梦携带后，可以治愈混乱。
953,木子果,ラムのみ,Lum Berry,让宝可梦携带后，可以治愈所有异常状态。
954,文柚果,オボンのみ,Sitrus Berry,让宝可梦携带后，可以回复少量ＨＰ。
955,勿花果,フィラのみ,Figy Berry,让宝可梦携带后，危机时可以回复ＨＰ。如果讨厌这味道就会混乱。
956,异奇果,ウイのみ,Wiki Berry,让宝可梦携带后，危机时可以回复ＨＰ。如果讨厌这味道就会混乱。
957,芒芒果,マゴのみ,Mago Berry,让宝可梦携带后，危机时可以回复ＨＰ。如果讨厌这味道就会混乱。
958,乐芭果,バンジのみ,Aguav Berry,让宝可梦携带后，危机时可以回复ＨＰ。如果讨厌这味道就会混乱。
959,芭亚果,イアのみ,Iapapa Berry,让宝可梦携带后，危机时可以回复ＨＰ。如果讨厌这味道就会混乱。
960,蔓莓果,ズリのみ,Razz Berry,用于制作宝可方块，制作出来的宝可方块可用来打磨强壮。黄色的果实尝起来是酸的。
961,银色蔓莓果,ぎんのズリのみ,Silver Razz Berry,把这树果交给宝可梦后，宝可梦就会变得容易捕捉。
962,金色蔓莓果,きんのズリのみ,Golden Razz Berry,把这树果交给宝可梦后，宝可梦就会变得十分容易捕捉。
963,墨莓果,ブリーのみ,Bluk Berry,用于制作宝可方块，制作出来的宝可方块可用来打磨美丽。蓝色的果实尝起来是涩的。
964,蕉香果,ナナのみ,Nanab Berry,捕捉宝可梦时，把这树果交给宝可梦就能稍微平复一下对方的情绪。
965,银色蕉香果,ぎんのナナのみ,Silver Nanab Berry,捕捉宝可梦时，把这树果交给宝可梦就能平复对方的情绪。
966,金色蕉香果,きんのナナのみ,Golden Nanab Berry,捕捉宝可梦时，把这树果交给宝可梦就能有效地平复对方的情绪。
967,西梨果,セシナのみ,Wepear Berry,用于制作宝可方块，制作出来的宝可方块可用来打磨聪明。绿色的果实尝起来是苦的。
968,凰梨果,パイルのみ,Pinap Berry,用于制作宝可方块，制作出来的宝可方块可用来打磨强壮。黄色的果实尝起来是酸的。
969,银色凰梨果,ぎんのパイルのみ,Silver Pinap Berry,如果把这树果交给宝可梦，那么接下来捉住该宝可梦时，会更容易获得道具。
970,金色凰梨果,きんのパイルのみ,Golden Pinap Berry,如果把这树果交给宝可梦，那么接下来捉住该宝可梦时，会非常容易获得道具。
971,榴石果,ザロクのみ,Pomeg Berry,如果把它交给宝可梦，宝可梦就会变得非常容易和训练家亲密，但ＨＰ的基础点数会降低。
972,藻根果,ネコブのみ,Kelpsy Berry,如果把它交给宝可梦，宝可梦就会变得非常容易和训练家亲密，但攻击的基础点数会降低。
973,比巴果,タポルのみ,Qualot Berry,如果把它交给宝可梦，宝可梦就会变得非常容易和训练家亲密，但防御的基础点数会降低。
974,哈密果,ロメのみ,Hondew Berry,如果把它交给宝可梦，宝可梦就会变得非常容易和训练家亲密，但特攻的基础点数会降低。
975,萄葡果,ウブのみ,Grepa Berry,如果把它交给宝可梦，宝可梦就会变得非常容易和训练家亲密，但特防的基础点数会降低。
976,茄番果,マトマのみ,Tamato Berry,如果把它交给宝可梦，宝可梦就会变得非常容易和训练家亲密，但速度的基础点数会降低。
977,玉黍果,モコシのみ,Cornn Berry,用于制作宝可方块，制作出来的宝可方块可用来打磨美丽。在其他地区很少见的树果。
978,岳竹果,ゴスのみ,Magost Berry,用于制作宝可方块，制作出来的宝可方块可用来打磨可爱。在其他地区很少见的树果。
979,茸丹果,ラブタのみ,Rabuta Berry,用于制作宝可方块，制作出来的宝可方块可用来打磨聪明。在其他地区很少见的树果。
980,檬柠果,ノメルのみ,Nomel Berry,用于制作宝可方块，制作出来的宝可方块可用来打磨强壮。在其他地区很少见的树果。
981,刺角果,ノワキのみ,Spelon Berry,用于制作宝可方块，制作出来的宝可方块可用来打磨可爱。在其他地区很少见的树果。
982,椰木果,シーヤのみ,Pamtre Berry,用于制作宝可方块，制作出来的宝可方块可用来打磨美丽。在其他地区很少见的树果。
983,瓜西果,カイスのみ,Watmel Berry,用于制作宝可方块，制作出来的宝可方块可用来打磨聪明。在其他地区很少见的树果。
984,金枕果,ドリのみ,Durin Berry,用于制作宝可方块，制作出来的宝可方块可用来打磨聪明。在其他地区很少见的树果。
985,靛莓果,ベリブのみ,Belue Berry,用于制作宝可方块，制作出来的宝可方块可用来打磨美丽。在其他地区很少见的树果。
986,巧可果,オッカのみ,Occa Berry,让宝可梦携带后，在受到效果绝佳的火属性招式攻击时，能令其威力减弱。
987,千香果,イトケのみ,Passho Berry,让宝可梦携带后，在受到效果绝佳的水属性招式攻击时，能令其威力减弱。
988,烛木果,ソクノのみ,Wacan Berry,让宝可梦携带后，在受到效果绝佳的电属性招式攻击时，能令其威力减弱。
989,罗子果,リンドのみ,Rindo Berry,让宝可梦携带后，在受到效果绝佳的草属性招式攻击时，能令其威力减弱。
990,番荔果,ヤチェのみ,Yache Berry,让宝可梦携带后，在受到效果绝佳的冰属性招式攻击时，能令其威力减弱。
991,莲蒲果,ヨプのみ,Chople Berry,让宝可梦携带后，在受到效果绝佳的格斗属性招式攻击时，能令其威力减弱。
992,通通果,ビアーのみ,Kebia Berry,让宝可梦携带后，在受到效果绝佳的毒属性招式攻击时，能令其威力减弱。
993,腰木果,シュカのみ,Shuca Berry,让宝可梦携带后，在受到效果绝佳的地面属性招式攻击时，能令其威力减弱。
994,棱瓜果,バコウのみ,Coba Berry,让宝可梦携带后，在受到效果绝佳的飞行属性招式攻击时，能令其威力减弱。
995,福禄果,ウタンのみ,Payapa Berry,让宝可梦携带后，在受到效果绝佳的超能力属性招式攻击时，能令其威力减弱。
996,扁樱果,タンガのみ,Tanga Berry,让宝可梦携带后，在受到效果绝佳的虫属性招式攻击时，能令其威力减弱。
997,草蚕果,ヨロギのみ,Charti Berry,让宝可梦携带后，在受到效果绝佳的岩石属性招式攻击时，能令其威力减弱。
998,佛柑果,カシブのみ,Kasib Berry,让宝可梦携带后，在受到效果绝佳的幽灵属性招式攻击时，能令其威力减弱。
999,莓榴果,ハバンのみ,Haban Berry,让宝可梦携带后，在受到效果绝佳的龙属性招式攻击时，能令其威力减弱。
1000,刺耳果,ナモのみ,Colbur Berry,让宝可梦携带后，在受到效果绝佳的恶属性招式攻击时，能令其威力减弱。
1001,霹霹果,リリバのみ,Babiri Berry,让宝可梦携带后，在受到效果绝佳的钢属性招式攻击时，能令其威力减弱。
1002,灯浆果,ホズのみ,Chilan Berry,让宝可梦携带后，在受到一般属性招式攻击时，能令其威力减弱。
1003,枝荔果,チイラのみ,Liechi Berry,让宝可梦携带后，危机时，自己的攻击就会提高。
1004,龙睛果,リュガのみ,Ganlon Berry,让宝可梦携带后，危机时，自己的防御就会提高。
1005,沙鳞果,カムラのみ,Salac Berry,让宝可梦携带后，危机时，自己的速度就会提高。
1006,龙火果,ヤタピのみ,Petaya Berry,让宝可梦携带后，危机时，自己的特攻就会提高。
1007,杏仔果,ズアのみ,Apicot Berry,让宝可梦携带后，危机时，自己的特防就会提高。
1008,兰萨果,サンのみ,Lansat Berry,让宝可梦携带后，危机时，攻击会变得容易击中要害。
1009,星桃果,スターのみ,Starf Berry,让宝可梦携带后，危机时，某一项能力就会大幅提高。
1010,谜芝果,ナゾのみ,Enigma Berry,让宝可梦携带后，在受到效果绝佳的招式攻击时，可以回复ＨＰ。
1011,瓜南果,カチャのみ,Pumkin Berry,用于制作宝可方块，种在松软的土里会长出神秘的果实。
1012,无青果,ブーカのみ,Drash Berry,-
1013,子茄果,ビスナのみ,Eggant Berry,-
1014,宛豆果,エドマのみ,Strib Berry,-
1015,灯浆果,ホズのみ,Chilan Berry,-
1016,泥豆果,ラッカのみ,Nutpea Berry,-
1017,葱首果,ギネマのみ,''Ginema Berry'',-
1018,角豆果,クオのみ,''Kuo Berry'',-
1019,菩达果,ヤゴのみ,''Yago Berry'',-
1020,辛子果,トウガのみ,''Touga Berry'',-
1021,蒜蒜果,ニニクのみ,''Niniku Berry'',-
1022,薯薯果,トポのみ,''Topo Berry'',-
1023,奇秘果,ミクルのみ,Micle Berry,让宝可梦携带后，危机时，招式的命中率仅会提高１次。
1024,释陀果,イバンのみ,Custap Berry,让宝可梦携带后，危机时，行动仅会变快１次。
1025,嘉珍果,ジャポのみ,Jaboca Berry,让宝可梦携带后，在受到物理招式攻击时，能给予对手伤害。
1026,雾莲果,レンブのみ,Rowap Berry,让宝可梦携带后，在受到特殊招式攻击时，能给予对手伤害。
1027,洛玫果,ロゼルのみ,Roseli Berry,让宝可梦携带后，在受到效果绝佳的妖精属性招式攻击时，能令其威力减弱。
1028,亚开果,アッキのみ,Kee Berry,让宝可梦携带后，在受到物理招式攻击时，自己的防御就会提高。
1029,香罗果,タラプのみ,Maranga Berry,让宝可梦携带后，在受到特殊招式攻击时，自己的特防就会提高。
1030,花啤果,ポフのみ,Hopo Berry,让宝可梦吃下后，可以回复ＰＰ。野生的宝可梦吃下后，对周围的反应会变得迟钝。
1031,孵蛋碰碰,タマゴふかポン,Roto Hatch,洛托姆之力的一种，使用后，蛋就会变得非常容易孵化。
1032,优惠碰碰,やすうりポン,Roto Bargain,洛托姆之力的一种，使用后，友好商店的商品就会变成半价。
1033,零花钱碰碰,おこづかいポン,Roto Prize Money,洛托姆之力的一种，对战后能得到的零花钱会变成３倍。
1034,经验碰碰,けいけんポン,Roto Exp. Points,洛托姆之力的一种，对战后能得到的经验值会稍微增加。
1035,亲密碰碰,なつきポン,Roto Friendship,洛托姆之力的一种，带在身边的宝可梦会变得非常容易亲近。
1036,相遇碰碰,みっけポン,Roto Encounter,洛托姆之力的一种，一定时间内，会变得容易遇到高等级的野生宝可梦。
1037,隐身碰碰,かくれポン,Roto Stealth,洛托姆之力的一种，一定时间内，会变得完全不会遇到野生宝可梦。
1038,ＨＰ回复碰碰,ＨＰかいふくポン,Roto HP Restore,洛托姆之力的一种，正在战斗的我方宝可梦的ＨＰ会全部回复。
1039,ＰＰ回复碰碰,ＰＰかいふくポン,Roto PP Restore,洛托姆之力的一种，正在战斗的我方宝可梦的ＰＰ会全部回复。
1040,加油碰碰,おうえんポン,Roto Boost,洛托姆之力的一种，正在战斗的我方宝可梦的所有能力都会提高。
1041,捕捉碰碰,つかまえポン,Roto Catch,洛托姆之力的一种，使用后，眼前的野生宝可梦会变得非常容易捕捉。
